resident_id,room_id,resident_name,resident_dob
1,40,Perl Colby,2024-11-24 06:11:12
2,294,Mercie Hannabuss,2025-02-22 23:40:03
3,226,Raphael Covolini,2024-04-23 05:27:12
4,151,Murdock Cona,2024-07-05 03:01:14
5,658,Jud Mibourne,2024-12-27 19:13:41
6,390,Reynolds Byart,2024-05-19 20:58:23
7,792,Casey Itzhak,2024-06-18 19:59:15
8,233,Cordelia Kenneford,2024-09-28 07:45:53
9,845,Carlye Cow,2025-03-18 12:29:53
10,981,Gilemette Niccols,2025-03-16 07:54:13
11,803,Salim D'Hooge,2024-11-12 04:34:04
12,540,Terrie Moffett,2025-03-28 21:40:39
13,894,Ethel Bugge,2024-07-12 00:26:24
14,157,Bud Grimsditch,2025-04-01 21:57:41
15,91,Kellen Adamski,2024-04-27 02:59:09
16,92,Jacquetta Matzel,2024-06-02 00:14:17
17,837,Abramo Isaacs,2025-01-25 21:49:24
18,450,Brady Snelgar,2024-09-14 20:05:24
19,249,Clayton Sellars,2024-11-13 12:03:08
20,856,Roxane Kenwrick,2024-04-10 16:54:47
21,225,Cybil Rylands,2025-03-18 20:26:13
22,673,Gerhardine Boutcher,2024-09-14 11:39:52
23,511,Benton Braithwaite,2024-06-01 14:03:44
24,278,Ally Dilger,2025-01-13 15:01:10
25,352,Rhody Kidsley,2024-05-03 13:30:08
26,429,Otha Zoellner,2024-11-06 10:28:03
27,709,Roldan Brake,2024-12-10 17:27:28
28,763,Kylila Torri,2024-09-21 23:04:11
29,84,Sabina Stiant,2025-02-24 12:04:02
30,659,Curcio Carnson,2024-07-12 01:09:22
31,834,Spenser Corkel,2024-04-03 02:05:00
32,459,Genevra Mineghelli,2024-04-28 21:51:27
33,569,Dina Gwinnett,2024-06-09 03:48:59
34,116,Michaeline Robus,2024-11-24 09:03:24
35,138,Thatcher Hastie,2025-02-18 19:48:50
36,6,Mable Simpkins,2025-01-08 08:27:58
37,884,Demetrius Casaletto,2024-12-01 00:54:11
38,708,De Lamminam,2025-01-30 23:20:53
39,775,Gillie Idel,2024-06-14 18:31:58
40,145,Clovis Buick,2024-11-14 09:22:14
41,305,Dorris Rabbage,2024-11-17 08:00:29
42,861,Mala Whitticks,2024-07-22 16:27:07
43,730,Fina Joslow,2024-10-15 13:54:01
44,995,Natalie Gurnee,2024-10-07 08:10:12
45,423,Trstram Ottawell,2024-07-23 12:28:57
46,295,Javier O'Shavlan,2024-06-14 11:31:52
47,683,Dar Veale,2024-07-25 15:48:04
48,803,Hersch Mew,2024-10-09 18:35:48
49,549,Bonnee Binion,2024-04-21 14:02:02
50,320,Kellina Ravel,2024-11-01 10:09:16
51,118,Darin McGeachie,2024-08-29 00:34:13
52,195,Clarabelle Sherry,2024-06-10 05:56:00
53,1,Guthry Groneway,2025-03-09 21:55:41
54,110,Nessie Skellington,2024-05-09 09:00:27
55,87,Garrek Hartles,2024-05-02 08:18:07
56,789,Allianora Tokell,2024-06-10 00:25:16
57,671,Cece Tidd,2024-08-08 13:31:38
58,710,Andrew Laffan,2024-09-11 06:45:28
59,572,Margarete Gransden,2024-12-20 14:50:22
60,316,Bonita Newbury,2024-09-21 08:28:31
61,898,Thayne Lawlor,2024-12-23 13:31:53
62,930,Mickie Gamble,2024-12-25 02:23:18
63,262,Jamesy Corneil,2024-05-19 15:34:49
64,107,Brittni Washbrook,2024-05-26 19:28:37
65,699,Lane Clemenson,2025-01-18 09:09:31
66,144,Brose Clemente,2024-12-05 14:42:20
67,163,Kristal Greguol,2025-03-22 06:19:30
68,872,Verina Sterley,2024-05-29 23:25:12
69,340,Euphemia Priddis,2024-04-03 10:21:07
70,244,Corbin McClosh,2024-08-27 06:15:11
71,660,Goldi Labro,2024-07-17 20:27:09
72,783,Gorden Beine,2024-07-25 06:52:00
73,99,Alaric Kahn,2025-01-29 23:50:11
74,222,Stanford Cuesta,2024-08-01 22:12:00
75,641,Ruby Mougenel,2024-11-17 15:48:30
76,382,Brooke Ainscough,2024-11-09 01:29:41
77,285,Libbie Girardoni,2024-12-09 03:43:03
78,397,Patrizio Hollingsby,2024-05-02 11:46:19
79,182,Garnette Cowcha,2025-01-06 11:17:33
80,733,Illa Jeune,2024-10-22 22:49:53
81,296,Hillery O' Mullane,2025-03-14 06:29:59
82,350,Rudiger Cristofolini,2025-02-11 21:20:28
83,747,Greg Demongeot,2024-05-06 09:26:01
84,29,Delcine Dalyell,2024-12-20 00:30:51
85,592,Lazar Moran,2025-02-11 23:22:51
86,8,Nealson Tinsley,2024-08-10 04:51:44
87,814,Trefor Cargenven,2025-02-05 04:00:42
88,65,Jacquette Pitkeathley,2024-12-15 03:56:31
89,467,Biron de Quincey,2024-04-18 03:01:37
90,461,Mendel Lorence,2024-08-29 06:59:36
91,703,Aguste Rasor,2024-07-30 11:33:40
92,1,Jillian Llopis,2024-07-14 00:49:56
93,950,Tarah Physic,2024-09-22 00:39:25
94,291,Judy Sudell,2024-11-05 17:02:55
95,271,Shirleen Jouning,2024-11-16 12:11:23
96,371,Brockie Ketteridge,2024-11-20 08:42:38
97,708,Pauly de Quesne,2024-12-26 20:18:21
98,272,Lauryn Harrop,2024-04-30 16:14:22
99,253,Aggie Philpots,2024-12-28 12:01:57
100,506,Kizzie Siegertsz,2024-08-06 20:11:40
101,620,Maria Ovell,2024-08-31 03:07:09
102,776,Chryste McGeagh,2024-11-19 23:03:51
103,790,Maryjane Raye,2025-03-26 05:37:37
104,482,Emelina O'Reagan,2024-08-14 05:18:17
105,539,Donnie Piffe,2024-07-27 20:43:29
106,84,Erek Spear,2025-01-26 19:29:17
107,15,Laney Abbitt,2024-09-08 03:31:55
108,922,Gus Cutmare,2024-09-20 21:25:39
109,770,Matilda Fidell,2024-12-05 03:05:52
110,82,Andras Malletratt,2025-01-16 16:44:29
111,121,Roseline Origan,2024-06-18 00:14:11
112,602,Georgianna Gleader,2024-10-22 22:08:25
113,916,Farlay Izchaki,2025-02-11 13:52:51
114,488,Mia Giorgio,2024-09-26 00:27:56
115,512,Krishna Cattermoul,2025-03-23 02:19:55
116,975,Creigh Calven,2024-05-11 14:36:57
117,599,Ermin Ashforth,2024-10-02 13:10:32
118,152,Lisbeth MacCaull,2025-03-01 14:10:06
119,508,Rollie Erickssen,2024-08-01 22:24:21
120,195,Hayward Haddington,2025-03-22 15:10:18
121,591,Nicolis Keneforde,2024-05-30 20:08:58
122,562,Kinny Bousquet,2024-10-21 10:40:44
123,412,Brianne Alfonsetti,2024-07-05 22:34:41
124,275,Nilson Dundon,2024-06-08 14:08:41
125,598,Veronica Laycock,2025-02-23 14:32:13
126,691,Tye Atcherley,2024-09-29 00:01:08
127,354,Lennie Woolen,2025-02-19 04:17:25
128,990,Cathyleen Meldon,2024-05-30 10:15:24
129,574,Atlante Cowdray,2024-12-07 02:54:21
130,760,Carol Lindeboom,2025-01-14 07:40:42
131,589,Mala Danielli,2024-09-20 06:42:23
132,906,Tiebold Sharkey,2024-10-09 00:16:51
133,13,Harlan Trussell,2024-06-10 08:21:32
134,366,Allard Liddle,2024-11-27 16:32:53
135,859,Broderick Myers,2024-11-14 04:37:16
136,300,Chryste Strachan,2024-10-31 05:25:09
137,285,Florinda Demange,2025-04-01 12:59:17
138,955,Chalmers Goshawke,2025-02-11 22:14:27
139,874,Zebulen Youhill,2024-11-29 20:45:34
140,454,Cindie Baudain,2024-12-02 20:56:10
141,290,Cornell Prichet,2024-06-24 23:50:34
142,362,Meta Polon,2025-01-29 20:32:21
143,537,Randolph Hans,2024-11-18 09:04:28
144,940,Peri Kellitt,2024-04-14 18:40:01
145,6,Carola Nurdin,2024-10-14 11:33:23
146,46,Alana Scaife,2024-05-27 16:56:56
147,913,Gwendolyn Eudall,2024-05-06 17:20:08
148,372,Aloin Youens,2025-03-21 22:37:55
149,935,Michelina Clemenceau,2024-07-01 20:53:47
150,854,Manon Beckenham,2024-12-28 11:53:43
151,431,Laurence Shrawley,2025-01-13 05:46:48
152,82,Merrili Hischke,2024-08-25 23:11:07
153,535,Kenton St. Leger,2024-09-20 02:09:55
154,991,Camella Lamble,2025-03-01 03:31:24
155,873,Shandie Spence,2024-10-07 02:12:48
156,563,Junia Clancy,2024-11-16 11:11:58
157,333,Inesita Papierz,2024-12-20 18:31:15
158,887,Sandie Briers,2024-07-14 08:00:29
159,484,Uriah Ianizzi,2024-11-06 02:09:47
160,998,Huey Nisuis,2024-12-18 10:38:57
161,906,Renell Toombes,2024-11-30 08:24:23
162,195,Thomasina Boothby,2024-09-22 09:47:23
163,39,Constantine Trinbey,2025-01-01 02:02:12
164,477,Brit Croizier,2024-07-21 02:40:14
165,419,Howie Peyzer,2024-07-08 18:16:16
166,921,Hildagarde Mallan,2024-04-20 16:20:33
167,793,Vladimir Staff,2025-01-03 01:43:35
168,229,Ginnie Bousfield,2025-01-11 01:00:09
169,548,Teddy Flescher,2025-03-16 22:58:49
170,347,Barr Dole,2025-02-03 03:26:56
171,612,Dario Ryan,2024-06-29 05:24:44
172,915,Lewes Crosskill,2024-10-05 04:23:45
173,49,Maisey McTrustey,2024-04-07 14:19:08
174,918,Bernete Purkess,2024-12-10 19:00:08
175,201,Jeanie Stegel,2025-01-04 13:07:03
176,732,Randie Filipputti,2024-05-22 19:18:35
177,763,Jacky McGowan,2024-07-31 10:44:51
178,204,Shelli Bellhouse,2024-08-08 22:37:56
179,920,Mavis Capinetti,2025-01-30 14:47:00
180,446,Allix Mollatt,2025-03-11 00:03:10
181,313,Aymer Lindblad,2024-09-04 20:35:58
182,589,Consuelo Skerm,2024-07-01 11:18:54
183,890,Godwin Chattey,2024-05-07 10:42:57
184,850,Robers Frostdyke,2024-04-23 17:48:01
185,760,Gennifer Avramovsky,2024-09-04 11:04:15
186,79,Ava Stiddard,2024-07-04 12:10:46
187,533,Brittney Grute,2025-03-16 14:46:33
188,581,Dylan Harce,2024-04-15 13:08:34
189,902,Pasquale Zoane,2024-11-23 00:56:34
190,583,Lyndel Coryndon,2024-05-19 02:56:50
191,860,Lind Negri,2024-04-19 15:43:59
192,741,Meara Mustoe,2024-12-27 15:49:10
193,270,Hedvig Pinnion,2024-08-16 19:30:14
194,570,Rani Hundey,2024-06-23 16:20:29
195,343,Nappie Mackley,2024-08-13 16:40:24
196,4,Edd McGuggy,2024-10-01 19:30:29
197,436,Margaret Wase,2025-01-17 11:33:42
198,780,Ophelie Aindrais,2024-04-04 08:57:34
199,55,Scottie Dannell,2024-12-10 05:57:58
200,838,Teodoor Olyet,2024-12-28 23:54:04
201,847,Hetti Shadfourth,2024-04-10 00:13:48
202,639,Vail Calabry,2025-01-01 07:19:39
203,175,Gillian Murfill,2024-09-12 03:11:43
204,218,Libbi Rasp,2025-01-12 22:52:05
205,875,Zechariah Konig,2025-01-26 15:08:37
206,445,Heinrick Duckit,2024-11-16 13:19:03
207,47,Rickie Scherer,2024-07-05 13:42:19
208,891,Josee McIlwain,2024-11-02 15:02:02
209,620,Tonye Assante,2024-07-14 01:18:48
210,478,Damian Gonin,2025-02-06 03:29:10
211,230,Westbrook Paton,2024-05-21 21:41:54
212,392,Becki Hartil,2024-11-13 15:31:29
213,271,Ebony Ibbitson,2024-07-12 14:30:32
214,668,Siegfried Quipp,2024-12-17 20:22:22
215,667,Zaria Krystof,2024-08-27 09:29:48
216,156,Burk Wharin,2024-09-09 20:17:17
217,388,Klemens Charke,2024-12-27 12:30:34
218,179,Karon Tomczynski,2024-05-01 04:12:38
219,20,Jackie Boys,2024-07-30 05:51:29
220,228,Adelice Speirs,2024-07-08 16:38:55
221,715,Susanne Willford,2025-01-06 13:20:11
222,911,Christine Stockport,2025-01-19 16:05:08
223,291,Sargent Beetham,2024-08-24 01:11:12
224,420,Agustin Gabites,2024-12-18 01:56:44
225,301,Rodrique McClary,2024-04-26 02:47:09
226,788,Vincenz Maric,2025-01-26 00:44:36
227,641,Sol Aplin,2025-01-11 11:14:12
228,1000,Elbertina Paudin,2024-12-30 22:18:52
229,815,Cordula Redolfi,2024-08-29 23:45:41
230,599,Norton Strawbridge,2024-10-07 07:24:07
231,407,Shelbi Burds,2024-09-17 18:59:25
232,797,Kissee Dafforne,2025-03-31 23:42:33
233,709,Rinaldo Macon,2024-07-29 06:24:58
234,951,Tally Barnsley,2025-03-17 17:47:09
235,728,Tibold Hing,2024-12-23 23:47:17
236,535,Ulrikaumeko Vaud,2024-05-01 12:51:38
237,940,Temp Pallister,2024-06-20 22:55:32
238,120,Marco Tennick,2024-11-08 13:12:52
239,12,Warde German,2024-11-22 09:08:07
240,753,Guinevere Goodlake,2024-09-01 18:00:34
241,521,Perice Yanne,2025-02-07 21:21:40
242,806,Zia Abisetti,2024-06-09 03:05:02
243,138,Corella Matteotti,2024-09-24 01:58:15
244,83,Merna Burleton,2024-10-22 15:10:58
245,286,Ricoriki Kleiner,2025-01-29 19:10:38
246,443,Traver Donlon,2024-05-04 15:37:13
247,253,Lesli Scopes,2024-05-19 16:36:23
248,490,Lucais Flucker,2024-08-15 03:58:10
249,379,Alonzo Taffarello,2024-11-08 21:44:12
250,841,Briant Baly,2024-12-12 16:05:15
251,815,Chloris Sutehall,2024-04-08 05:15:44
252,247,Norma Ingleston,2025-02-27 05:52:29
253,476,Kenton Birk,2024-04-18 05:05:15
254,817,Joline Rate,2025-02-22 17:36:27
255,65,Connie Vye,2024-11-11 17:41:31
256,613,Kristian Baldini,2024-12-16 19:56:15
257,239,Waylin Mawford,2024-11-18 05:08:04
258,444,Ivor Nayshe,2024-11-01 11:39:58
259,236,Berkley Ivoshin,2024-04-16 00:17:01
260,980,Gabriellia Teliga,2024-11-17 09:48:06
261,924,Selle Colwell,2024-12-19 11:05:18
262,195,Galvin Body,2024-04-29 11:28:49
263,233,Jerome Roggieri,2024-07-17 15:52:06
264,788,Taryn Krzyzanowski,2024-10-01 10:09:43
265,52,Katti Stolli,2024-07-02 06:33:23
266,343,Durand Madgin,2024-09-19 06:53:01
267,564,Jakob Feaveer,2024-09-13 13:08:50
268,617,Anthony Edards,2024-11-10 09:37:35
269,822,Lark MacAlister,2024-06-19 08:15:28
270,812,Zonda Bebbell,2025-01-18 07:44:34
271,765,Rayna Caesman,2025-01-04 09:58:30
272,683,Cornell Habershon,2024-10-09 09:13:34
273,414,Giuseppe Rye,2025-03-31 11:26:09
274,870,Golda Bumpas,2024-07-24 16:25:15
275,768,Romona Jiggle,2024-05-16 02:59:14
276,131,Marinna Wayper,2025-03-19 18:01:37
277,594,Vanya Bidewell,2025-02-03 04:29:53
278,281,Olive Penk,2024-04-09 07:49:36
279,352,Ilysa Btham,2024-07-05 04:16:31
280,421,Mamie MacCartair,2024-05-15 07:25:10
281,778,Carly Calow,2024-04-14 11:36:14
282,433,Mariejeanne Dickerson,2024-07-23 12:43:14
283,639,Wye Hansell,2024-05-17 02:23:47
284,199,Aldus Herreros,2025-01-07 02:50:29
285,554,Hailey Addlestone,2025-03-03 20:40:29
286,109,Delmar Lorraine,2024-05-06 07:00:44
287,511,Farand Matveiko,2024-07-21 04:56:04
288,250,Loni Quinton,2025-01-15 04:11:48
289,753,Cleve Gourley,2025-01-24 13:03:58
290,307,Blakelee Dearnley,2025-01-03 06:49:52
291,829,Fiann Cullnean,2025-01-23 03:28:18
292,793,Fancie Murrhardt,2025-01-05 14:30:46
293,187,Brewer Hamor,2024-08-05 20:53:45
294,18,Shela Bottell,2024-08-31 15:14:10
295,112,Maye Minichillo,2024-06-03 05:34:15
296,270,Alexia Pennoni,2024-07-06 14:32:49
297,279,Christye Maciaszczyk,2024-10-20 20:14:50
298,647,Penelopa Cannam,2024-11-25 09:41:34
299,484,Huntley Gunning,2024-07-11 11:42:46
300,688,Miriam Gilbanks,2024-05-25 12:58:58
301,400,Chrysler MacGillivrie,2024-10-02 08:09:49
302,674,Damiano Oxteby,2024-06-02 17:20:44
303,957,Jilli Birth,2025-03-01 17:15:57
304,318,Mauricio Lefwich,2024-06-28 17:14:52
305,855,Doyle Vickers,2024-09-12 04:48:13
306,127,Salvidor Spira,2024-09-03 13:38:27
307,655,Mitch Bend,2024-10-04 01:29:24
308,38,Barry Graeser,2024-07-29 12:15:04
309,737,Vin Leet,2024-09-10 18:06:02
310,783,Nikaniki Symper,2024-04-27 05:38:48
311,189,Moss Voller,2024-12-04 19:22:23
312,359,Darby Moran,2024-04-22 11:06:52
313,594,Delmor MacPadene,2025-03-06 21:26:24
314,583,Dina Shurman,2025-01-18 19:45:17
315,447,Fredi Elphey,2024-08-25 17:57:41
316,429,Lyman Scothern,2024-05-08 09:29:22
317,441,Anselma Abdee,2024-05-04 19:11:16
318,213,Ash Vannini,2024-10-27 02:02:37
319,776,Selene Gypson,2024-09-09 21:44:43
320,525,Carly Athowe,2024-08-09 13:52:59
321,354,Eldin Dearing,2024-08-15 01:40:16
322,93,Fayre Twentyman,2024-10-25 21:14:54
323,229,Cesya Castellini,2024-08-24 04:28:01
324,396,Cherlyn Clinch,2024-05-30 21:39:54
325,362,Bernard Creevy,2024-10-01 09:24:07
326,398,Matthew Faust,2024-10-04 06:22:13
327,207,Care Hague,2024-07-24 23:11:36
328,675,Gabriel Hachette,2024-09-01 18:53:16
329,10,Hammad Rysdale,2024-11-07 13:46:14
330,278,Danette Sacks,2025-03-04 21:08:11
331,622,Rana Callacher,2024-09-16 18:40:18
332,393,Jobyna Brackpool,2024-07-08 04:33:50
333,605,Loutitia Fishby,2024-07-28 14:57:08
334,19,Berke O'Grady,2024-07-19 19:49:56
335,852,Ambrose Danbrook,2024-10-14 20:18:13
336,275,Jacintha Frandsen,2024-07-15 06:30:06
337,75,Elene Bosquet,2024-04-19 10:56:26
338,809,Avril Wynter,2024-12-19 17:47:55
339,77,Dalenna Licciardi,2025-02-11 09:32:03
340,474,Theodore Kingsworth,2024-04-28 09:04:28
341,495,Corey Iredale,2025-03-22 09:32:24
342,16,Arni Glinde,2025-03-25 01:42:12
343,852,Aarika Geal,2024-07-13 11:57:00
344,955,Cleon Dummett,2024-04-11 09:58:42
345,105,Shirline Girone,2024-08-28 07:22:15
346,657,Lynna Capinetti,2025-03-05 20:11:11
347,350,Jarrad Llewellyn,2024-12-13 22:53:34
348,437,Charleen Ingham,2024-10-13 17:10:27
349,802,Josselyn Carleman,2024-10-04 17:55:12
350,927,Adoree Storek,2025-02-10 17:37:41
351,870,Silvano Gabey,2024-05-28 00:28:48
352,304,Jayme Allsopp,2025-03-06 20:31:37
353,318,Thom Gelly,2025-01-28 04:23:22
354,518,Richardo Fisk,2025-01-02 19:15:48
355,946,Saundra Arndtsen,2025-03-08 10:22:17
356,428,Elianora Bailie,2024-05-03 11:34:35
357,713,Hubert Prazor,2024-09-21 13:23:53
358,374,Rawley Le Floch,2024-06-17 17:21:55
359,114,Milo Ringsell,2024-04-14 15:32:51
360,109,Noach Flohard,2024-07-27 06:17:48
361,578,Stefano Bitchener,2024-09-16 20:27:28
362,877,Eddy Sickert,2024-07-21 14:33:29
363,112,Ainslie Shorthill,2025-01-28 12:37:50
364,7,Quinton Worsnip,2024-11-13 14:06:51
365,304,Maggi Wrightson,2024-05-26 23:58:37
366,683,Kimbra Geldeard,2024-05-16 09:57:42
367,16,Norma Duggen,2024-04-15 20:50:49
368,229,Devora Speares,2024-09-09 20:45:54
369,531,Carlo Fabb,2025-03-12 13:01:43
370,17,Vincenz Birtwell,2024-06-21 08:30:33
371,794,Shandeigh Vahl,2024-09-10 22:14:42
372,178,Jennifer Dalgarnocht,2025-01-12 09:58:20
373,345,Reube Radcliffe,2024-08-25 07:53:58
374,290,Tom McTeggart,2025-01-13 21:19:26
375,283,Roselle Earl,2024-10-21 06:52:29
376,315,Titos Avory,2025-01-01 00:21:37
377,687,Wendell Emps,2025-03-30 21:53:14
378,214,Perice Pitchford,2024-10-20 02:32:15
379,670,Cam Pietrasik,2024-12-11 10:51:09
380,107,Anetta Elvish,2025-02-09 02:07:56
381,841,Else Smittoune,2024-08-11 08:56:52
382,623,Jeanine Rowles,2025-01-03 01:26:08
383,792,Gilbert Meeland,2025-03-19 17:33:19
384,296,Coleman Arsey,2024-07-27 11:33:44
385,943,Marilin Levee,2024-08-22 11:19:59
386,455,Piotr Petrolli,2024-05-27 17:09:26
387,44,Eveleen Filipczak,2024-07-26 01:51:21
388,544,Amaleta Pavlasek,2024-10-22 06:36:28
389,972,Chet Cratchley,2024-04-19 11:26:50
390,652,Lennie Arthars,2025-03-10 16:50:25
391,832,Lorene Camelli,2024-06-02 08:43:34
392,627,Ailsun Ryles,2024-09-24 03:45:53
393,53,Faber Kalinke,2025-02-09 13:58:36
394,396,Gardiner Lempel,2024-11-08 06:31:13
395,680,Cinnamon Filyaev,2024-07-10 07:11:58
396,974,Dieter Dahlgren,2024-10-27 00:31:28
397,820,Clarance Tremathack,2025-03-18 14:21:23
398,192,Reamonn Thewys,2025-01-19 08:07:54
399,999,Betty MacSharry,2024-09-12 06:31:32
400,777,Em Odell,2025-01-19 14:06:40
401,417,Burr Armes,2025-01-16 05:37:32
402,306,Adriana Rosencwaig,2024-10-12 01:22:51
403,385,Bearnard Chidgey,2024-10-02 12:28:16
404,4,Jaquelin Wicklen,2024-04-07 21:26:49
405,689,Pedro Bisseker,2024-05-08 22:56:42
406,819,Loy Rutland,2024-12-24 10:46:45
407,229,Gavan Gurko,2024-11-05 14:34:26
408,186,Thea Whewill,2024-12-04 18:18:11
409,92,Kennedy Peotz,2024-07-20 22:11:06
410,365,Mic Brettor,2024-10-01 07:56:53
411,567,Win Posselt,2024-10-04 14:10:06
412,171,Wilona Marskell,2024-06-25 06:47:20
413,864,Filmore Gallandre,2024-06-17 08:50:31
414,253,Erin Bleythin,2025-02-13 12:00:04
415,930,Lorita Guiduzzi,2024-09-18 23:41:26
416,398,Leelah Bloomfield,2024-11-05 17:30:30
417,961,Lisabeth Slyvester,2025-03-22 20:35:07
418,80,Conant Addy,2024-11-13 01:05:47
419,573,Cyrillus Crosfeld,2024-06-15 09:55:18
420,463,Spence Poznan,2024-10-05 14:07:19
421,74,Layney McKeurton,2024-10-01 20:06:42
422,285,Adina Lobe,2024-11-05 15:04:56
423,299,Mirella Plaxton,2024-09-27 12:42:13
424,870,Margit Bowra,2024-10-31 09:56:15
425,121,Pieter Pashba,2024-04-09 20:02:09
426,904,Lee Latore,2024-07-02 18:34:53
427,967,Sari Wareing,2024-12-04 09:19:09
428,362,Shandy Mollin,2024-08-30 11:18:54
429,87,Vallie Luetkemeyer,2024-06-05 13:47:51
430,790,Gretal Breakspear,2024-10-06 03:54:38
431,146,Ashby Barnbrook,2024-08-06 01:54:39
432,321,Brunhilda Lujan,2024-04-21 09:20:35
433,475,Robinson Tomankowski,2024-10-19 10:53:44
434,51,Denna Siret,2024-08-21 09:36:32
435,596,Idelle Stollenbecker,2024-04-27 20:47:34
436,210,Skippy Parnall,2024-11-18 20:09:54
437,239,Piotr Swadlinge,2025-01-21 05:35:44
438,602,Shelby Malim,2024-06-29 17:02:04
439,194,Uri Boak,2024-11-10 01:26:49
440,633,Munmro Kayley,2024-04-21 09:55:02
441,108,Nikki Tripcony,2025-02-05 04:46:20
442,37,Moreen Ades,2024-12-03 05:54:50
443,379,Marcus Fattore,2024-11-08 07:16:03
444,402,Catlaina Mahony,2024-09-11 00:21:04
445,735,Clerkclaude O'Lynn,2025-03-29 15:40:33
446,233,Gillian Swatland,2024-05-10 00:00:45
447,962,Caitlin Hindrick,2024-07-01 20:03:58
448,455,Camellia Wolsey,2024-11-19 15:51:28
449,500,Shirline Streatfeild,2024-10-08 13:47:06
450,595,Lizette Hubberstey,2024-09-23 03:32:42
451,710,Devy Bineham,2024-11-13 23:59:01
452,887,Camel Basley,2024-07-09 06:03:37
453,736,Kerianne Barribal,2024-06-05 09:49:57
454,797,Fraze McPartlin,2024-04-08 04:46:19
455,531,Morie Vero,2024-04-30 14:55:30
456,596,Candice Cullabine,2024-09-08 12:16:24
457,294,Oby Pearcey,2024-12-16 16:43:55
458,183,Virgina Yesinin,2024-05-05 01:51:58
459,466,Egor Boyse,2024-05-12 08:08:07
460,850,Maisie Mandel,2024-12-18 12:54:13
461,416,Anetta Gainfort,2024-10-11 07:43:04
462,335,Noach Sibille,2024-04-23 11:18:34
463,388,Layla Jonk,2024-08-14 05:29:18
464,349,Udell Carmichael,2024-05-14 03:35:29
465,600,Aurelie Edgar,2024-09-03 15:17:03
466,668,Tobye Louthe,2025-01-27 15:07:28
467,241,Garnet Samber,2025-01-24 11:55:15
468,581,Bobbi Megarrell,2024-08-29 09:26:23
469,867,Lory Wilsone,2025-04-01 17:15:50
470,628,Gasparo Burditt,2025-01-29 21:21:21
471,740,Arlen Swalwel,2025-03-15 04:15:19
472,237,Bo Afonso,2025-03-16 16:56:38
473,767,Jerrilyn Tommen,2025-01-18 14:37:28
474,874,Ericha Sweedy,2024-10-29 19:13:36
475,770,Joycelin Blenkensop,2024-10-06 08:21:42
476,864,Lorrin Carleman,2025-01-23 05:51:03
477,509,Charline Bucksey,2024-12-15 01:54:43
478,72,Harley Peye,2025-03-01 03:46:09
479,673,Berk Hugenin,2024-10-01 04:39:07
480,725,Dalston Oxbury,2025-03-23 07:19:27
481,261,Farlee Tasseler,2024-06-22 03:14:58
482,286,Nikaniki Burrells,2024-07-05 07:53:02
483,158,Ruperta Taillant,2024-10-10 00:28:16
484,329,Maegan Brando,2024-07-23 08:48:05
485,535,Beauregard Tebbit,2024-08-17 22:44:19
486,153,Robers Hauxby,2025-01-11 22:38:03
487,684,Zebulen Goodlake,2025-01-03 22:50:06
488,130,Melany Mallan,2025-02-11 10:49:11
489,112,Sharron McIlvenny,2024-08-08 04:08:40
490,584,Nial Riggert,2024-07-02 14:10:37
491,494,Alvinia Avrahamian,2024-05-16 12:52:54
492,911,Polly Hearns,2024-08-18 12:43:11
493,704,Leora Arro,2024-06-17 12:48:19
494,521,Abramo McKelvie,2025-03-25 22:35:30
495,485,Heinrik Parkman,2024-12-02 04:48:06
496,687,Manda Glassborow,2024-06-19 01:49:59
497,300,Kyle Nund,2025-03-06 14:13:19
498,375,Leanna Galer,2025-04-02 16:55:04
499,743,Rafaela Brine,2024-06-15 17:06:04
500,392,Jaymee Sommerly,2025-02-15 14:25:27
501,445,Aurilia MacIlhagga,2025-01-24 13:13:02
502,469,Mitzi Favelle,2025-01-10 21:59:58
503,999,Denice Grgic,2024-04-21 01:55:53
504,959,Marrilee Risborough,2025-02-28 09:48:53
505,210,Gussie Bartels,2024-04-24 15:49:08
506,842,Marco Douthwaite,2025-01-05 07:42:36
507,536,Brady Emanuel,2024-08-24 08:23:49
508,468,Ricki Ferras,2025-03-11 08:13:26
509,659,Alon Tournie,2024-10-31 17:47:04
510,758,Yetta Bliss,2025-02-06 23:45:01
511,41,Malvin Jamme,2024-07-24 23:32:16
512,546,Iorgo Stairmand,2024-05-30 12:38:21
513,225,Terrel Kingsnoad,2024-10-27 23:32:14
514,619,Dasya Hearnah,2025-01-02 20:55:27
515,893,Arlyne Dowker,2024-06-18 09:39:00
516,904,Thane Ineson,2024-09-14 02:14:15
517,200,Clyde Pepperill,2024-07-29 12:35:55
518,7,Bonni Normandale,2024-08-07 02:27:43
519,121,Hewett McNickle,2025-03-22 09:32:21
520,106,Gabriellia Firminger,2024-09-14 21:16:51
521,226,Alano Woolam,2024-04-13 06:27:32
522,577,Kale Ransley,2025-01-13 20:09:33
523,443,Helsa Bryers,2024-06-23 06:57:31
524,650,Dewey Grogona,2024-06-04 16:26:26
525,30,Benji Kobes,2024-10-18 22:44:57
526,260,Base Couper,2024-11-19 11:50:09
527,375,Rodolphe Springtorp,2024-06-15 04:41:38
528,795,Locke Connett,2024-07-09 00:01:37
529,334,Joachim Scafe,2025-01-29 07:30:39
530,37,Carolann Gaffney,2024-10-07 11:19:31
531,466,Isadore Dawltrey,2024-10-30 20:27:01
532,514,Tanya Beathem,2024-05-24 07:34:18
533,175,Curtice Hamshere,2024-04-11 23:21:25
534,482,Gerty McConigal,2024-06-02 01:51:51
535,153,Ivett Pendell,2025-03-17 14:18:24
536,443,Maximilianus Marfe,2024-10-30 02:07:35
537,828,Cassondra Locard,2025-03-04 05:54:10
538,281,Titus Mattussevich,2025-03-04 05:39:41
539,787,Danit Sifleet,2024-05-30 20:01:30
540,292,Lois Dechelle,2025-02-03 06:42:55
541,4,Rowe Aylin,2024-11-16 19:56:27
542,897,Raviv Kinder,2024-08-14 04:33:01
543,424,Irwin Seedull,2025-02-24 16:07:06
544,556,Laney Hayle,2024-11-15 11:02:07
545,83,Lem Splevin,2024-12-08 02:51:24
546,576,Eldon Keppie,2024-04-22 19:56:12
547,570,Gordie Ferdinand,2025-02-23 22:35:10
548,204,Irvin Fleischer,2025-03-19 09:38:03
549,114,Ailey Deaville,2024-12-28 23:19:38
550,205,Goraud Chese,2024-09-12 11:03:34
551,429,Micki Daton,2024-10-26 13:01:47
552,686,Linnet Ludewig,2024-08-26 14:48:12
553,395,Oberon Wiltshier,2024-05-17 18:01:38
554,37,Clare Fryd,2025-01-26 01:44:41
555,760,Sarena Sandbatch,2024-11-30 10:13:58
556,680,Buffy Perceval,2024-09-12 10:54:51
557,653,Mona Kleinerman,2024-11-03 07:08:32
558,128,Valaria Calladine,2024-09-17 01:20:31
559,4,Frederico Beadham,2025-01-14 03:45:39
560,329,Deane Oleszcuk,2024-07-14 01:51:47
561,624,Templeton Fountaine,2024-04-18 19:51:41
562,856,Elle Mennear,2024-12-20 00:25:13
563,624,Karl Peplow,2024-05-18 16:00:54
564,581,Findley Tranmer,2024-06-14 22:55:28
565,809,Arlee Lomas,2024-06-03 00:53:52
566,10,Finn Ohrtmann,2024-10-20 01:17:26
567,567,Joseito Poyner,2024-09-04 18:47:52
568,315,Dar Golt,2025-02-12 01:34:35
569,445,Garry Prandin,2024-06-17 02:26:47
570,792,Burr St. Quentin,2024-05-19 04:54:38
571,172,Charmion Pindred,2024-05-02 19:34:22
572,395,Gaspard Baise,2024-07-26 22:41:55
573,948,Nyssa Moulin,2024-06-01 06:01:00
574,301,Shepperd Crossgrove,2024-07-21 22:10:09
575,3,Denyse Dunk,2024-04-26 01:13:58
576,545,Laraine Tigner,2024-06-05 17:52:12
577,845,Crysta Lewington,2024-05-16 23:42:47
578,250,Veriee Robb,2024-12-26 18:54:46
579,417,Lark Ingman,2024-12-26 06:40:46
580,328,Emelyne Wildin,2024-06-06 21:30:50
581,298,Gard Skellorne,2024-07-18 14:39:22
582,123,Bliss Lilian,2025-02-10 17:43:16
583,420,Sara Simonini,2025-03-01 05:07:25
584,705,Reggi Shawyer,2024-09-20 23:32:23
585,806,Barrie Hawkey,2024-08-24 02:49:18
586,688,Rudyard Carpmile,2024-05-23 15:58:28
587,651,Cordie Korbmaker,2024-07-17 17:22:45
588,799,Chrystal Leyninye,2024-12-09 08:48:18
589,880,Lewiss Kubec,2024-09-11 09:36:21
590,450,Diann Ferrers,2024-08-15 02:12:43
591,854,Irwin Marchington,2025-03-04 16:16:05
592,254,Ortensia Kondratenko,2025-01-12 20:24:42
593,357,Ulises Whilder,2024-09-26 10:53:44
594,86,Filbert Stagg,2025-03-05 09:06:40
595,251,Danielle Lawey,2025-03-04 01:03:57
596,215,Una Prene,2025-02-26 13:06:01
597,828,Tracey Noni,2025-02-12 19:03:37
598,8,Worthington Malkin,2024-07-16 11:19:54
599,528,Barri Bonavia,2025-01-13 07:41:02
600,81,Tessi Maidens,2024-04-15 20:46:29
601,972,Guy Linstead,2024-09-24 01:04:03
602,662,Evey Jessopp,2025-02-13 17:16:59
603,475,Pauly McClory,2024-05-16 08:55:17
604,695,Cristie Darcey,2025-01-14 10:46:44
605,908,Claiborne Collar,2025-03-18 06:00:27
606,864,Page Leyson,2024-05-10 18:53:31
607,422,Theda Mee,2024-05-12 07:18:36
608,311,Toby Burtwhistle,2024-12-28 13:45:54
609,964,Elisa Culp,2024-12-31 20:59:40
610,267,Gwenora Astle,2024-10-01 21:24:09
611,825,Rafaela Bocken,2024-08-22 14:26:18
612,561,Willey Grugerr,2024-12-23 22:04:27
613,807,Llywellyn Carl,2024-06-30 09:26:39
614,780,Samaria Meakin,2024-10-16 07:49:54
615,74,Elinore McKnockiter,2024-08-26 21:21:43
616,889,Malia Fahrenbacher,2024-04-03 10:52:32
617,514,Genovera Spurgin,2024-08-21 22:53:28
618,882,Raf Inger,2024-07-12 17:40:24
619,770,Madelin Booi,2024-05-01 22:26:56
620,778,Mira Dyster,2024-12-21 04:41:30
621,970,Haven Kingescot,2025-03-24 00:47:35
622,24,Aline Muckloe,2025-01-20 23:53:15
623,872,Craggie Geraud,2025-03-21 20:42:44
624,300,Tamma Trusslove,2025-01-03 12:20:43
625,122,Mira Yantsurev,2025-03-17 05:48:45
626,501,Renie Rivalland,2025-03-16 21:17:18
627,924,Myranda Eyeington,2024-04-30 22:48:37
628,965,Ebonee Hounsome,2024-06-26 10:57:07
629,86,Rooney Whitwood,2024-09-10 10:26:36
630,716,Bealle Tickel,2024-07-02 09:20:34
631,936,Dalt Jaquemar,2025-01-23 01:24:27
632,69,Lorna Plaunch,2024-09-13 12:27:39
633,802,Lebbie Maudett,2025-01-09 04:28:17
634,92,Janela Myall,2025-01-27 03:58:08
635,676,Almeta McFater,2025-02-14 11:04:10
636,674,Chaddie Trebilcock,2024-07-17 12:40:30
637,211,Roarke Renne,2024-10-30 14:49:11
638,479,Andrei Curnow,2024-12-01 18:59:32
639,541,Jarid Landor,2024-06-29 06:16:56
640,691,Archibaldo Aslie,2024-06-11 21:06:00
641,872,Tricia Myers,2024-11-22 14:07:27
642,118,Celia Wrout,2024-11-27 20:09:32
643,259,Emelen Beardwell,2024-06-22 17:06:08
644,156,Gawen Bowcock,2024-09-22 04:48:17
645,209,Fields Kaveney,2024-12-14 17:45:08
646,709,Dorine Hedin,2025-02-14 03:26:38
647,880,Sherlock Zanardii,2025-02-18 06:51:27
648,467,Ciel Vallack,2024-10-23 01:22:32
649,212,Alfy Kornel,2024-08-18 01:33:10
650,927,Jenni Nelane,2025-01-25 06:32:38
651,200,Katrinka Portam,2025-03-01 16:47:26
652,593,Galina Schutter,2024-04-09 23:43:34
653,281,Yettie Wrotchford,2024-05-06 06:21:43
654,446,Dorella Janaway,2024-07-04 08:00:35
655,237,Gunar Helstrom,2024-11-04 20:59:16
656,764,Naomi Caulkett,2024-05-27 15:33:44
657,342,Dolph Tarbox,2025-03-03 18:59:51
658,336,Sela Eefting,2024-06-01 17:24:55
659,832,Mattias Fullwood,2024-10-11 10:44:46
660,591,Lucas Maleck,2024-12-03 11:08:39
661,316,Berne Mellows,2024-07-06 23:05:45
662,799,Bobette Sotham,2025-02-15 11:28:03
663,325,Ramsay Badrock,2025-02-02 23:31:22
664,642,Con Barz,2024-11-06 07:03:08
665,72,Jocelin Barwise,2024-07-26 03:31:20
666,750,Ryon Clouston,2024-12-28 06:46:36
667,281,Krissie Bickford,2025-01-19 08:50:50
668,107,Moselle Maltman,2024-12-22 21:45:10
669,609,Agace Mattiussi,2024-11-11 18:01:14
670,208,Rickard Mee,2025-02-08 10:34:58
671,910,Alf Lithgow,2024-09-16 05:01:13
672,92,Philomena Markwelley,2025-03-15 22:59:24
673,111,Bone Reany,2024-06-14 20:42:37
674,754,Addie Cornthwaite,2025-03-14 19:01:31
675,954,Forrest Croker,2024-11-08 16:59:15
676,250,Liam Dreelan,2024-09-13 12:40:23
677,362,Gilberta Bassick,2024-10-06 01:10:39
678,240,Jessamine Crosetti,2024-04-06 23:19:09
679,699,Nolly Ballay,2024-12-11 17:40:03
680,94,Jimmy Macconachy,2024-06-25 18:55:42
681,836,Maddie Takle,2024-07-08 06:56:45
682,28,Abram Measures,2024-07-28 12:26:59
683,646,Idette Conley,2025-01-16 03:00:45
684,607,Costanza Brewse,2024-09-24 22:53:42
685,696,Feodora Blundell,2024-04-18 15:27:14
686,667,Danyette Beaulieu,2024-07-18 14:12:35
687,425,Yorke Galea,2024-06-22 15:26:27
688,538,Marigold Bedbrough,2024-12-13 09:42:08
689,383,Biddie Meininger,2024-12-17 07:23:55
690,953,Orin Wye,2024-07-27 02:13:33
691,888,Norbert Castleton,2025-01-14 02:46:11
692,549,Rhetta Pagitt,2024-12-16 01:11:15
693,219,Brendan Weaver,2024-05-29 18:50:39
694,248,Reeta Kausche,2024-08-06 10:37:10
695,983,Janeva Vizor,2024-04-23 13:22:07
696,395,Connie Gawthrop,2024-06-17 02:36:19
697,510,Randa Smaile,2024-09-25 15:06:12
698,105,Dynah Minto,2024-12-08 02:02:40
699,797,Charity Rubinsohn,2024-11-08 15:47:03
700,826,Moira Brandham,2024-11-09 13:35:40
701,970,Jolee Radleigh,2025-01-09 05:49:04
702,832,Haven Dreher,2024-04-21 11:44:33
703,882,Stacy McIntee,2024-09-07 22:55:05
704,906,Janek Guys,2025-01-14 07:21:03
705,872,Rosabel Niese,2024-10-30 01:12:16
706,33,Ronda Di Carli,2024-06-04 19:13:20
707,603,Adriane Cordoba,2024-06-05 20:51:25
708,312,Dorie Charker,2024-09-05 11:51:56
709,338,Elinor Mainz,2025-03-13 02:48:39
710,806,Ellene Fearnyhough,2024-05-05 13:14:34
711,24,Bail Trimme,2025-02-25 03:05:33
712,673,Laverne Humphrys,2025-01-31 18:11:56
713,506,Reggi Leather,2025-02-01 20:24:45
714,428,Margie McCarter,2025-01-11 06:35:52
715,491,Jobina Andreopolos,2025-02-14 09:02:08
716,839,Emmalyn Kahler,2025-02-08 23:10:40
717,291,Anne Rodliff,2024-09-25 15:07:28
718,672,Nari Pochon,2025-03-19 11:50:30
719,430,Taddeo Tebbit,2024-11-02 16:21:55
720,920,Lalo Hencke,2025-03-21 09:46:14
721,164,Vincent Lauks,2024-07-17 12:35:21
722,766,Helge Overshott,2024-04-27 01:06:15
723,976,Angil Oldis,2024-04-06 22:06:15
724,356,Christen Peak,2025-02-20 05:41:39
725,196,Stinky Duthie,2025-03-25 20:12:32
726,758,Omero Blennerhassett,2024-12-31 21:58:31
727,531,Manny Tomczykiewicz,2025-01-07 12:48:48
728,191,Datha Norvill,2024-10-09 01:57:39
729,716,Ellynn Levecque,2025-01-18 09:45:00
730,632,Winnah Hatwells,2024-05-19 16:49:35
731,855,Erminia de Courcy,2024-06-26 09:57:57
732,901,Keelia Rubinowitch,2024-06-27 07:06:31
733,885,Sherlock Sirett,2025-02-14 00:03:46
734,574,Camille Hovington,2024-07-30 02:30:04
735,149,Yalonda Bruckman,2025-03-19 06:32:28
736,22,Ewen Schowenburg,2025-03-19 20:07:41
737,251,Uriah Oylett,2024-09-25 09:07:13
738,825,Roscoe Hynes,2024-07-28 08:25:00
739,634,Lisbeth Chipchase,2024-12-09 16:34:26
740,615,Belicia Gretham,2024-06-23 12:58:45
741,187,Evyn Gerg,2024-07-01 12:39:52
742,386,Pattin Mackney,2025-03-28 14:55:29
743,755,Daffy Kayes,2025-04-01 06:35:36
744,945,Anson Haly,2025-03-19 13:58:26
745,313,Georgie Reichardt,2024-11-11 22:26:44
746,146,Lucien Farnon,2024-06-10 23:52:38
747,799,Rubia Munkley,2024-04-25 19:01:48
748,89,Elset Bergeau,2024-04-21 16:10:37
749,545,Idette Scantlebury,2024-09-10 07:08:51
750,697,Dick Jellings,2024-06-15 22:23:53
751,811,Marissa Bruins,2025-03-03 16:49:56
752,134,Jen Gentry,2024-06-12 07:56:29
753,265,Carly Renzini,2024-10-20 22:25:32
754,824,Jaime Korf,2024-12-29 14:04:31
755,73,Bee Kenworthy,2024-09-27 01:40:52
756,383,Willi Parell,2024-10-01 07:01:50
757,862,Pat Oels,2024-07-04 12:32:22
758,580,Pattie Ledstone,2024-04-05 22:25:28
759,530,Dacey Grivori,2024-12-21 08:47:08
760,894,Alexandr Seleway,2024-11-25 15:22:46
761,226,Vonnie Clohisey,2024-09-09 22:08:43
762,4,Edgardo Melan,2024-10-03 07:28:40
763,929,Cameron Mainz,2025-02-10 07:13:14
764,596,Pernell Hicken,2024-12-22 06:44:23
765,211,Chanda Mottinelli,2024-08-19 05:04:53
766,121,Stephani Penwell,2024-09-08 05:33:31
767,760,Lisa Griswood,2024-07-07 06:07:46
768,989,Neal Taber,2024-07-17 03:56:22
769,896,Riane Ughetti,2024-10-24 02:23:43
770,462,Armando Kember,2024-10-30 03:55:14
771,595,Hillary Jenson,2024-10-31 20:50:58
772,766,Noby Layne,2024-09-19 19:58:41
773,154,Juliette Seares,2024-10-16 09:09:59
774,836,Fredelia Eichmann,2024-10-05 11:05:00
775,181,Aubry Vickers,2025-03-31 22:28:33
776,615,Bartram Batts,2024-07-28 09:23:36
777,960,Guntar Tomkins,2025-03-27 05:07:27
778,559,Gabriele Skirling,2024-12-23 15:40:54
779,805,Kaitlin Smolan,2024-11-26 13:05:38
780,108,Quinlan Paffley,2025-01-08 18:46:22
781,971,Monti Lyptrade,2024-07-01 12:56:30
782,341,Farica Tilley,2024-06-07 00:31:29
783,776,Burtie Gavini,2024-07-29 08:56:08
784,396,Bekki Prentice,2024-07-02 13:13:08
785,268,Adelle Ridwood,2025-01-06 07:03:53
786,404,Eirena Hackin,2024-06-09 14:38:20
787,893,Kinnie Calderon,2024-10-23 00:54:18
788,141,Borden Blazdell,2025-02-02 06:44:34
789,895,Sarge Bickford,2025-03-29 21:01:35
790,776,Kendell Hurren,2024-09-14 22:12:50
791,922,Annora Stiell,2024-09-20 06:57:25
792,464,Isadora Josselsohn,2024-11-02 02:45:40
793,695,Michele Ackerman,2025-02-06 05:14:45
794,615,Georgetta Gurr,2024-04-28 08:07:21
795,493,Cullie Ickowicz,2024-04-20 14:01:09
796,97,Bald Trevaskis,2024-12-23 00:48:40
797,700,Ina Hedley,2024-10-24 17:33:49
798,709,Chiquia Crippell,2024-10-22 14:30:49
799,989,Eadith Lorenz,2024-10-18 18:35:33
800,218,Tomlin Klainer,2024-07-20 16:53:10
801,339,Anne-corinne Dusting,2025-03-18 12:21:07
802,793,Cam Wykey,2024-09-01 22:58:16
803,642,Lynde Farman,2024-08-28 04:45:58
804,495,Tibold Kinde,2024-12-28 19:59:51
805,713,Vyky Sitford,2025-02-20 08:14:43
806,221,Christen Middas,2024-11-29 05:44:32
807,843,Karlotta Wheaton,2024-09-01 12:47:55
808,715,Mignonne Killcross,2024-06-27 00:06:38
809,30,Vick Neaverson,2025-01-03 02:55:16
810,589,Bernette Colman,2024-05-12 07:23:49
811,106,Correy Martini,2025-01-02 20:38:33
812,783,Francesca Bosley,2024-12-24 14:49:59
813,130,Hinda Dyball,2025-03-16 15:48:41
814,774,Cheri Willshear,2025-03-07 13:25:38
815,912,Hamilton Jullian,2024-06-27 04:25:44
816,204,Clerkclaude Bricknell,2024-08-06 18:11:11
817,723,Lennie McAtamney,2024-05-30 07:26:05
818,375,Edgardo Wickling,2024-06-14 07:19:40
819,539,Karoly Leonardi,2025-02-18 02:22:12
820,868,Rusty Bambrough,2025-02-07 07:05:38
821,156,Alano Gippes,2025-03-08 23:14:59
822,180,Andreana Beecker,2024-12-15 09:03:26
823,14,Delmer Pelosi,2024-11-06 15:44:01
824,103,Mandi Knappe,2024-05-31 22:12:49
825,528,Elonore Appleford,2024-04-12 21:10:46
826,1000,Valentia Oman,2024-12-08 07:14:09
827,977,Sosanna Garlinge,2024-04-29 07:57:46
828,759,Vincents Crellin,2024-07-31 18:03:36
829,371,Jere Francklyn,2025-03-17 00:44:42
830,773,Doro Glasgow,2024-08-06 08:44:09
831,754,Lexie Pacquet,2024-04-12 13:44:16
832,68,Tish Markie,2025-01-11 02:37:14
833,830,Valencia O' Driscoll,2024-11-02 17:52:27
834,736,Brittne Nizet,2024-07-24 16:53:21
835,681,Lisbeth Alvy,2024-08-19 02:53:26
836,685,Lily Ambrois,2024-07-30 13:06:06
837,594,Edith Phateplace,2024-08-04 15:15:39
838,795,Sheena Sabatier,2024-10-10 02:07:29
839,580,Bartholomew Ellsom,2024-08-19 11:51:25
840,584,Cindi McClay,2024-09-29 17:40:57
841,128,Bran Hadley,2025-03-28 05:46:44
842,532,Danell Wadham,2025-03-15 05:16:36
843,122,Deva Littefair,2024-08-07 04:31:34
844,914,Otto Beldon,2024-05-03 17:00:45
845,437,Kare Longstaffe,2025-02-28 04:56:20
846,322,Gerti Wittke,2025-03-06 07:04:15
847,151,Pippo Eddicott,2025-02-17 06:24:21
848,821,Norrie Glidder,2025-01-12 07:04:05
849,160,Annamarie Guerrier,2025-03-12 15:19:10
850,480,Lyon Wardesworth,2024-10-13 17:39:41
851,512,Francesca Kyles,2024-12-31 06:08:00
852,950,Lalo Appleton,2024-06-21 22:32:41
853,622,Spence Garfath,2024-09-09 07:59:28
854,814,Adelaide Chasemoore,2024-08-06 09:50:12
855,224,Moise Ewebank,2024-06-28 04:50:19
856,475,Reagan Paoli,2024-11-26 23:30:16
857,686,Jacquette Littrell,2024-06-30 19:51:02
858,554,Fae Stamp,2024-04-16 14:38:13
859,80,Christy Sawrey,2024-07-10 05:58:47
860,94,Arv Roxburch,2025-03-29 01:16:43
861,5,Anatollo Stansall,2024-05-01 19:50:43
862,384,Kris Jaggi,2024-04-26 22:50:12
863,863,Justen Chaffer,2024-09-29 17:45:37
864,453,Hinze Huggan,2024-09-21 02:34:06
865,689,Colver Heistermann,2024-06-25 07:48:12
866,943,Demetre Daenen,2025-03-14 12:05:24
867,480,Myra Conant,2024-12-01 21:57:49
868,885,Rosina Corrison,2024-12-14 18:48:39
869,484,Hesther Dehmel,2024-05-02 00:34:35
870,435,Reg Jerrems,2024-09-23 00:53:55
871,435,Guthry Battrick,2024-12-04 21:31:46
872,823,Terese Shelmerdine,2024-07-16 20:39:43
873,109,Bret Wraight,2024-12-24 22:38:49
874,775,Edi McMenamin,2024-12-31 01:22:55
875,152,Hanson Trimnell,2025-01-24 11:12:16
876,59,Rodolfo Glasscoe,2025-02-22 19:18:17
877,208,Titus Rieflin,2024-11-14 21:26:15
878,455,Dniren Picot,2025-01-21 20:33:58
879,265,Susanne Rowter,2024-12-25 11:42:11
880,321,Fabien Whittuck,2025-03-16 14:40:52
881,315,Paulita Baldoni,2024-09-18 08:34:15
882,733,Tomasine Largan,2024-06-07 16:23:13
883,851,Jolee Blacksell,2024-12-25 23:50:39
884,701,Christa Blouet,2024-05-28 06:26:17
885,763,Filberto Batkin,2025-02-12 02:34:27
886,815,Jackson Goldstone,2025-03-01 21:04:39
887,909,Becka Danielsen,2025-01-01 04:41:54
888,360,Mildred Stollwerk,2024-11-03 17:40:15
889,924,Herbie Shippam,2025-02-03 06:55:46
890,175,Damon Tweedie,2024-08-22 23:10:51
891,32,Mureil Rebeiro,2024-10-21 18:07:41
892,108,Melba Gamwell,2024-09-18 18:54:56
893,93,Kevina Challens,2024-07-31 19:00:45
894,158,Waneta Ruckhard,2024-12-26 10:45:20
895,149,Standford Nern,2024-11-21 04:46:31
896,928,Sherlock Scadding,2024-10-12 11:23:32
897,446,Amalita Cornbell,2024-05-29 07:14:44
898,27,Fairfax Gentery,2024-07-20 01:27:51
899,545,Lida Bucknill,2025-01-26 16:00:49
900,955,Teddie Jury,2024-04-25 15:37:18
901,67,Jacintha D'Ruel,2024-04-08 07:24:33
902,147,Teddie Ifill,2024-06-07 07:13:20
903,413,Ruttger Farron,2024-12-18 06:03:17
904,884,Hillyer Viveash,2024-12-04 07:28:37
905,458,Alex Rycraft,2024-09-07 06:21:49
906,124,Danella Upton,2024-10-16 05:37:37
907,760,Koo Higgonet,2024-07-13 08:40:39
908,862,Elena Nurcombe,2024-10-17 01:18:10
909,963,Francyne Spyvye,2024-06-05 00:57:39
910,801,Blinny Eldritt,2024-10-03 14:03:57
911,943,Dionis Tythacott,2025-03-10 22:26:40
912,232,Lem Rosendahl,2024-08-04 03:10:47
913,124,Oran Hadenton,2024-08-01 02:25:46
914,514,Xever Stadden,2024-12-16 11:14:34
915,972,Shaun Klainer,2025-03-12 19:56:39
916,34,Nikki Bridgewood,2024-05-09 09:37:43
917,576,Tally Sparshett,2025-04-02 03:41:04
918,145,Hayden McNess,2024-06-22 12:32:47
919,440,Melisa Ormerod,2024-04-05 00:42:12
920,825,Burg Peedell,2025-01-18 00:46:11
921,19,Dillon Sansum,2025-03-30 20:06:47
922,20,Daven Warstall,2024-11-07 22:44:11
923,252,Marci Heinrich,2025-01-18 23:42:11
924,595,Iggy Compford,2024-05-13 09:57:50
925,675,Ad Dundon,2024-10-09 17:46:57
926,509,Gael Pawfoot,2024-10-23 12:13:23
927,701,Tamas Dunster,2025-01-15 08:14:23
928,835,Theressa Quadling,2024-07-26 02:04:54
929,858,Tyne McNeilly,2024-07-17 15:25:49
930,206,Chrissie Keston,2024-10-03 18:48:50
931,209,Nan Pleavin,2024-09-20 05:18:22
932,668,Myer Eadon,2024-06-08 16:35:57
933,217,Veradis Dytham,2025-03-15 23:31:05
934,466,Sarita Beadell,2024-11-02 22:16:25
935,937,Ethelyn Gever,2025-03-05 14:31:28
936,157,Nicki Golland,2024-10-29 08:31:52
937,797,Dalston Epsley,2024-09-29 03:08:19
938,514,Bryanty Fosse,2024-05-06 12:24:10
939,707,Marlo Konneke,2024-09-15 06:56:49
940,365,Stephannie Utton,2024-12-03 05:19:20
941,173,Lesli Dinesen,2024-08-25 03:13:41
942,806,Trista Salvati,2024-09-27 22:40:33
943,863,Briney Banasevich,2024-12-19 08:31:36
944,899,Bert Trorey,2024-11-14 14:27:35
945,991,Alvira Canto,2024-07-13 18:37:04
946,395,Devan Waggett,2024-08-02 20:06:40
947,415,Devon Vasyutin,2025-03-19 01:14:19
948,624,Clerissa Starkie,2024-09-26 18:18:46
949,812,Ursala Bayle,2025-01-08 10:58:26
950,98,Estel ducarme,2024-09-22 02:40:25
951,669,Clarke Spavins,2024-08-04 08:36:03
952,413,Bari Hebblewaite,2024-05-14 11:42:23
953,571,Corette Spleving,2024-06-19 08:44:10
954,502,Fremont Clemitt,2024-09-04 23:55:06
955,402,Errol Whatman,2024-04-09 03:32:05
956,974,Ailis McNair,2024-05-18 12:49:37
957,844,Malinda Nussgen,2024-10-13 17:53:12
958,496,Kiel Banford,2024-10-12 11:25:53
959,619,Casandra L'Archer,2024-09-16 19:09:45
960,874,Ardene Grimsdith,2024-07-28 20:37:20
961,376,Kristina Colbourne,2024-11-22 03:23:32
962,578,Allison Pawson,2024-09-02 15:36:16
963,335,Walliw Oen,2024-11-18 07:25:02
964,689,Rafa Della,2024-12-09 04:27:46
965,972,Emmery Saundercock,2025-03-19 05:46:15
966,964,Eugenius Leadbeater,2024-08-16 16:55:28
967,959,Luigi Driffield,2024-04-09 03:13:05
968,617,Isador Slorance,2024-09-12 05:02:41
969,894,Cyb Scaice,2024-07-17 10:08:55
970,781,Hailey Mundford,2024-04-28 04:10:30
971,196,Moss Danev,2024-06-18 10:10:43
972,652,Cymbre Grose,2024-12-22 11:16:06
973,710,Chet Fellon,2024-04-23 00:28:07
974,312,Orville Reichert,2024-11-05 07:18:52
975,329,Elliot St Angel,2025-01-11 08:42:21
976,615,Talyah Janes,2024-09-01 17:08:39
977,84,Benjamin Levicount,2024-04-24 19:48:41
978,84,Jamal Halt,2024-06-18 02:42:21
979,922,Marwin Reedman,2024-11-28 05:07:22
980,763,Clair Risson,2024-12-27 11:10:16
981,522,Arly Yetman,2024-04-12 16:53:36
982,367,Antonino Bransdon,2024-05-22 00:15:26
983,185,Amelita Hannum,2025-02-24 08:48:47
984,888,Iolanthe Kelloch,2025-01-30 05:42:36
985,781,Ines Titcumb,2024-04-25 15:43:52
986,405,Stanwood Meardon,2025-01-03 22:36:18
987,847,Ikey MacVicar,2025-02-02 21:21:27
988,670,Amanda Maffini,2024-07-16 10:55:37
989,550,Bing Cotesford,2024-05-21 07:01:48
990,309,Amber Sandy,2024-04-24 18:47:05
991,158,Magda Derell,2024-12-20 05:51:21
992,598,Celene Doohan,2024-05-29 14:59:55
993,319,Nat Huban,2025-03-15 06:45:27
994,930,Dorise Aisthorpe,2024-04-17 20:28:59
995,497,Appolonia Krause,2025-01-03 09:25:30
996,833,Rance Ebbage,2024-06-08 20:23:23
997,989,Papagena Hapke,2024-09-19 12:30:50
998,324,Bram Mackstead,2024-06-23 14:00:31
999,748,Augustine Morritt,2025-01-13 05:35:31
1000,768,Thornie St. Quintin,2024-05-25 14:50:30
