date,day_of_the_week,meal_type,staff_member_id
2026-09-02 15:37:18,6,Lunch,5
2024-05-29 13:57:03,8,Lunch,174
2025-04-12 16:37:14,5,Dinner,110
2027-08-23 15:54:34,3,breakfast,6
2026-05-01 20:58:24,6,Lunch,192
2024-12-12 01:56:18,8,Lunch,122
2025-10-15 22:31:40,7,Lunch,189
2026-10-17 21:36:42,9,Lunch,151
2024-06-24 03:50:16,3,Lunch,72
2024-11-26 02:01:16,5,Lunch,200
2026-12-18 04:02:08,4,Dinner,78
2026-10-03 21:36:26,7,breakfast,82
2026-03-09 19:11:03,8,Lunch,151
2026-12-24 09:55:17,5,Dinner,151
2024-07-16 07:28:16,7,Dinner,119
2026-10-13 19:10:07,4,Lunch,97
2024-05-25 11:18:25,3,Lunch,20
2025-06-10 09:25:46,2,Lunch,87
2024-12-18 21:02:16,9,Lunch,57
2027-10-18 23:22:10,8,Dinner,197
2025-06-01 19:25:22,4,Dinner,33
2026-08-12 06:51:01,2,breakfast,92
2026-01-20 00:46:26,8,Lunch,140
2027-05-20 20:14:27,10,Dinner,138
2026-11-21 20:17:06,2,breakfast,84
2026-11-01 10:45:15,9,breakfast,9
2025-12-10 07:05:05,10,Lunch,43
2026-06-19 10:58:21,1,Lunch,8
2024-07-11 02:03:07,4,breakfast,148
2024-11-09 03:35:35,3,breakfast,118
2025-03-20 07:58:10,8,Dinner,154
2025-02-05 01:57:35,4,Dinner,59
2026-12-18 17:13:27,10,Lunch,141
2027-03-24 00:01:29,4,breakfast,109
2026-12-16 12:21:39,1,Lunch,45
2027-07-16 00:22:34,6,Dinner,196
2025-04-22 15:08:54,2,Lunch,175
2027-03-21 02:19:52,6,Dinner,125
2025-02-27 23:37:52,3,Lunch,124
2026-10-14 02:02:56,4,Lunch,50
2025-10-24 20:15:04,4,Dinner,20
2025-06-22 09:02:22,6,breakfast,87
2026-02-07 00:06:28,8,Dinner,7
2024-04-10 11:58:38,10,Dinner,139
2024-06-11 18:42:49,4,Lunch,3
2025-01-19 12:09:20,4,Dinner,77
2024-08-13 00:58:34,10,Dinner,85
2024-07-05 03:39:25,3,breakfast,115
2027-08-26 16:27:18,10,breakfast,104
2026-11-23 21:10:37,1,Lunch,111
2027-06-11 04:56:56,1,breakfast,60
2026-06-25 14:09:50,10,Dinner,153
2025-08-17 16:42:11,5,Dinner,65
2026-08-31 23:05:53,2,Dinner,164
2025-09-16 22:28:55,9,breakfast,63
2027-02-06 15:02:41,6,Dinner,168
2025-07-17 07:17:40,2,Lunch,168
2027-03-11 05:28:43,5,Lunch,85
2025-10-07 14:35:36,6,breakfast,92
2024-06-02 08:18:39,5,Dinner,172
2027-10-23 21:58:43,10,Lunch,19
2025-02-22 15:14:58,2,Dinner,194
2024-07-30 15:15:40,7,Dinner,19
2025-01-30 08:36:29,5,Lunch,79
2024-11-19 16:38:06,2,breakfast,136
2024-10-28 03:27:30,9,Lunch,9
2025-09-24 01:57:14,4,Dinner,104
2027-09-30 10:37:21,10,breakfast,25
2024-12-06 05:06:51,2,Dinner,167
2025-09-03 06:01:49,4,breakfast,33
2026-11-16 07:19:53,2,Dinner,182
2025-08-13 06:10:37,4,Dinner,133
2024-06-20 02:17:51,8,Lunch,103
2024-10-15 08:19:19,6,Lunch,120
2025-06-07 19:23:18,9,Dinner,130
2026-04-26 19:12:11,8,Lunch,114
2026-02-08 20:02:04,5,breakfast,175
2026-05-27 07:43:27,1,breakfast,62
2026-09-08 23:00:03,7,Dinner,69
2027-02-26 22:37:08,4,Dinner,92
2024-12-04 12:22:49,7,Lunch,156
2027-02-08 19:44:28,7,breakfast,170
2026-08-10 00:23:24,10,Dinner,39
2024-09-03 02:41:54,5,Dinner,59
2026-08-28 19:04:54,10,breakfast,68
2025-12-29 11:32:03,10,Dinner,5
2027-03-21 22:17:28,1,Lunch,129
2025-05-13 20:41:01,4,Dinner,152
2024-05-20 14:41:26,6,breakfast,190
2025-02-09 05:35:50,5,Lunch,117
2024-12-29 03:31:03,3,breakfast,159
2025-08-25 20:52:12,9,Lunch,185
2026-10-13 19:01:03,4,Lunch,42
2025-03-23 02:55:57,1,breakfast,92
2025-07-13 03:12:10,3,Lunch,141
2025-02-21 18:48:25,1,Dinner,5
2026-12-07 18:38:52,2,Dinner,56
2027-10-18 04:27:02,7,Dinner,147
2024-11-26 18:00:14,8,Lunch,191
2024-06-23 06:56:51,8,Lunch,101
2024-04-22 08:58:20,10,breakfast,116
2026-10-21 08:51:45,2,Dinner,30
2027-10-08 09:34:04,2,breakfast,181
2024-06-19 15:15:29,9,Lunch,139
2025-02-02 19:37:28,4,Lunch,66
2025-10-18 14:46:28,2,Lunch,43
2027-08-31 06:16:59,3,Lunch,42
2024-05-05 15:20:26,9,Dinner,93
2027-04-28 11:56:06,8,breakfast,58
2027-02-17 08:00:17,8,breakfast,34
2024-09-14 09:43:08,3,Lunch,80
2025-12-12 22:46:27,6,breakfast,64
2024-04-19 06:45:04,8,breakfast,82
2024-08-03 06:13:27,8,breakfast,110
2024-08-02 05:16:01,1,Dinner,109
2026-04-28 22:01:21,1,Lunch,84
2027-02-10 18:15:26,6,breakfast,2
2026-11-15 17:24:25,7,breakfast,130
2025-01-27 17:12:41,6,breakfast,159
2024-07-09 23:35:17,3,Dinner,66
2024-06-08 19:08:57,7,Lunch,18
2026-11-02 17:28:41,5,breakfast,140
2026-09-21 23:17:05,5,Lunch,186
2027-03-06 01:26:33,1,breakfast,148
2025-11-28 13:59:12,9,Dinner,60
2026-02-13 12:38:56,9,Lunch,47
2027-06-27 16:35:22,1,Dinner,107
2027-03-23 19:24:16,2,Dinner,98
2024-12-04 11:06:16,5,Dinner,136
2027-04-20 13:43:52,1,Lunch,65
2024-07-23 18:41:06,8,breakfast,11
2026-08-01 12:34:22,9,breakfast,68
2025-09-15 12:01:52,7,Lunch,79
2026-09-12 05:21:03,6,Lunch,98
2024-10-16 20:00:45,6,Lunch,171
2027-07-30 00:57:00,6,breakfast,69
2024-07-28 18:24:12,1,Lunch,70
2026-08-30 04:29:39,4,breakfast,47
2027-04-29 05:22:38,4,Dinner,57
2027-01-24 22:53:39,1,Dinner,188
2026-05-21 06:16:26,5,Lunch,188
2025-06-21 00:31:18,4,breakfast,185
2025-07-05 11:42:28,6,Dinner,1
2026-05-05 06:52:33,1,Dinner,67
2026-01-29 16:20:09,3,breakfast,33
2026-08-14 19:38:44,8,Dinner,175
2027-07-15 08:32:17,7,Dinner,97
2024-11-29 05:34:50,9,breakfast,52
2026-10-25 07:26:28,1,Lunch,165
2027-07-26 08:26:52,3,Dinner,145
2025-05-03 21:44:50,5,Lunch,119
2026-02-10 05:33:13,4,breakfast,166
2026-08-19 00:13:57,6,Dinner,118
2027-08-18 08:57:23,5,Dinner,70
2025-02-01 13:10:29,3,Lunch,191
2025-08-07 21:43:41,4,breakfast,22
2025-11-20 12:17:12,6,Lunch,132
2025-06-03 00:35:18,5,Lunch,26
2027-06-13 02:47:57,10,Lunch,169
2027-03-22 07:41:21,1,Dinner,172
2025-09-07 06:16:17,3,breakfast,39
2025-11-02 08:22:48,7,Lunch,43
2025-02-01 17:30:52,3,breakfast,138
2025-02-07 17:53:32,10,Dinner,67
2026-04-20 17:36:35,3,Dinner,111
2027-10-12 08:04:17,8,breakfast,88
2025-04-09 08:31:47,6,Lunch,140
2025-11-05 08:11:37,5,Dinner,159
2025-01-21 11:21:22,2,Dinner,102
2025-09-08 11:24:18,9,Dinner,187
2027-03-21 08:11:52,1,breakfast,150
2025-02-28 10:45:57,4,Lunch,33
2024-09-16 14:22:14,5,Dinner,109
2024-04-17 12:05:42,3,Lunch,100
2026-06-03 19:24:25,7,Dinner,167
2024-08-12 14:59:52,3,Lunch,97
2025-12-23 03:54:41,7,Dinner,135
2027-02-01 23:59:59,4,Dinner,99
2025-10-30 21:08:33,8,breakfast,179
2027-04-11 06:01:07,4,Dinner,179
2026-02-18 02:58:18,2,Lunch,111
2026-11-10 00:03:18,3,Lunch,56
2027-04-17 08:25:55,9,Lunch,105
2025-02-02 11:00:54,8,Lunch,100
2025-06-11 10:25:06,4,breakfast,117
2025-06-30 17:00:08,5,breakfast,137
2024-11-09 03:19:17,5,Lunch,8
2027-09-26 03:20:41,10,Dinner,75
2025-11-23 07:57:06,5,Dinner,6
2025-06-01 08:54:53,2,Lunch,122
2026-07-29 16:49:27,3,breakfast,75
2026-08-06 07:39:09,8,breakfast,45
2026-07-26 13:47:47,7,Lunch,175
2026-08-27 23:52:21,3,breakfast,3
2026-11-20 23:37:01,7,breakfast,200
2024-04-29 15:08:03,4,Lunch,85
2025-09-18 00:34:59,1,breakfast,114
2025-09-26 02:31:23,3,Lunch,61
2025-07-29 17:20:33,1,breakfast,43
2026-08-20 05:56:08,2,Lunch,93
2024-09-29 08:16:25,9,breakfast,82
2026-03-23 08:25:30,7,breakfast,15
2025-06-08 16:00:09,9,Dinner,34
2024-12-07 18:56:49,4,breakfast,139
2027-10-07 09:50:35,6,Dinner,96
2027-05-24 11:31:22,9,Dinner,9
2027-01-19 01:27:41,7,Dinner,16
2024-12-22 17:49:28,10,Dinner,42
2025-03-30 04:21:25,10,breakfast,99
2025-11-21 19:38:11,9,Dinner,4
2026-11-12 07:39:49,3,Dinner,29
2025-02-02 03:23:27,8,breakfast,199
2027-09-08 19:44:04,5,Lunch,25
2025-05-29 23:08:55,10,Dinner,53
2025-11-18 09:26:21,8,breakfast,14
2024-07-09 17:41:30,8,Dinner,167
2025-01-16 01:26:40,8,breakfast,2
2026-05-05 01:27:19,10,Lunch,50
2024-10-06 03:41:10,3,Lunch,196
2025-02-06 04:36:14,9,Dinner,47
2027-01-24 12:09:54,8,Lunch,28
2024-04-30 19:22:48,8,Dinner,99
2024-07-02 05:15:06,8,Dinner,87
2027-03-26 07:32:57,5,Dinner,79
2027-07-15 20:48:19,2,Lunch,147
2026-03-27 04:04:28,5,Lunch,31
2025-09-13 19:42:22,9,Lunch,36
2025-11-11 05:09:00,10,Dinner,145
2026-11-21 14:39:55,9,breakfast,64
2027-09-04 00:15:38,8,Dinner,126
2024-08-26 18:51:15,2,breakfast,114
2026-03-07 21:57:49,2,breakfast,188
2027-07-07 11:58:03,8,Dinner,48
2024-06-10 05:34:12,5,breakfast,3
2027-04-08 16:34:46,3,Dinner,21
2024-10-02 04:43:43,10,Dinner,14
2027-07-22 15:45:39,10,Lunch,188
2026-01-19 18:22:42,2,Dinner,179
2025-02-15 05:58:05,10,Lunch,123
2025-07-31 11:43:34,9,breakfast,21
2027-04-25 09:17:34,4,Dinner,49
2025-12-24 09:36:04,5,Dinner,29
2026-12-27 03:34:38,6,Dinner,193
2025-11-16 03:24:34,1,breakfast,25
2025-01-23 10:39:18,2,Dinner,48
2024-12-06 04:40:03,2,Lunch,163
2026-10-29 04:40:56,3,Lunch,50
2027-05-17 07:08:54,4,Lunch,11
2027-04-20 03:12:36,7,Dinner,191
2026-07-12 00:28:11,9,breakfast,161
2026-08-15 12:50:19,2,breakfast,181
2025-08-09 11:59:29,2,breakfast,131
2025-06-29 13:54:18,5,Dinner,62
2025-09-05 00:59:41,7,Dinner,14
2026-11-01 19:08:38,1,breakfast,46
2026-01-03 09:54:18,2,breakfast,165
2024-04-16 00:22:09,9,breakfast,199
2025-07-06 23:45:50,4,Dinner,53
2026-12-23 15:03:38,10,Dinner,161
2026-06-03 08:13:59,4,Lunch,193
2025-01-08 11:18:23,6,breakfast,33
2024-09-11 05:35:59,9,Lunch,52
2025-11-24 23:55:25,3,Dinner,93
2025-06-22 00:54:34,10,Dinner,99
2024-04-09 20:12:24,2,Lunch,135
2025-03-21 01:03:34,6,Dinner,142
2026-09-10 09:16:16,10,Lunch,198
2024-09-03 14:05:07,3,Dinner,87
2024-04-24 22:10:34,7,Lunch,131
2024-09-06 11:31:25,10,breakfast,50
2024-08-05 06:59:32,5,breakfast,34
2024-09-05 17:12:54,2,breakfast,87
2027-10-09 19:46:27,8,breakfast,126
2025-04-07 18:56:55,10,breakfast,58
2024-09-28 07:30:42,9,Dinner,30
2026-11-30 17:49:33,9,Lunch,3
2026-11-28 15:36:17,4,breakfast,44
2025-03-06 11:20:24,5,breakfast,3
2024-08-12 02:29:57,1,breakfast,171
2026-02-18 12:11:40,9,Dinner,158
2027-09-18 09:56:09,8,Lunch,124
2026-09-11 21:08:59,2,Dinner,81
2027-01-18 17:03:35,7,Dinner,56
2027-05-09 16:36:06,8,breakfast,45
2026-05-01 09:43:47,8,Lunch,130
2024-10-05 15:25:25,3,Lunch,119
2024-12-05 01:53:19,9,Dinner,66
2025-06-30 16:22:08,4,breakfast,113
2024-08-12 18:35:22,9,Dinner,136
2024-09-03 04:28:27,3,breakfast,157
2025-03-12 20:19:14,4,Dinner,132
2024-04-06 15:58:37,7,Dinner,109
2026-05-16 20:55:23,4,breakfast,200
2027-09-02 17:09:18,2,Dinner,98
2025-03-30 09:56:51,5,Lunch,123
2024-08-06 10:54:21,4,Lunch,43
2024-07-07 05:57:04,4,Lunch,102
2027-04-13 05:12:17,2,breakfast,149
2024-09-20 04:00:18,5,breakfast,87
2026-08-24 03:15:38,4,Lunch,106
2026-08-26 16:55:50,7,Dinner,45
2024-12-31 18:03:25,6,Lunch,28
2027-06-13 14:35:43,2,breakfast,199
2026-12-23 02:19:56,4,Dinner,169
2026-07-09 01:31:07,10,Dinner,34
2024-05-24 12:28:46,4,Dinner,175
2024-05-17 22:28:11,6,Lunch,41
2024-06-13 22:44:02,4,breakfast,171
2026-01-16 10:09:22,10,breakfast,113
2025-05-24 05:45:50,9,Lunch,176
2024-08-29 05:29:51,8,Lunch,181
2027-09-07 11:20:36,7,Lunch,114
2025-09-18 07:26:58,4,Dinner,67
2027-10-09 19:26:40,1,Lunch,151
2025-08-14 23:05:52,2,Lunch,131
2025-07-16 03:13:38,4,breakfast,31
2027-05-19 14:32:52,10,breakfast,155
2026-11-18 02:26:43,5,Dinner,77
2024-04-27 15:05:10,6,breakfast,175
2026-10-20 06:46:58,4,Lunch,85
2024-10-11 11:05:34,4,Lunch,125
2026-08-29 04:19:51,7,breakfast,103
2027-06-02 02:27:45,1,Dinner,138
2027-03-28 04:35:11,2,breakfast,166
2025-09-10 05:57:41,2,Lunch,20
2026-07-22 16:18:59,7,breakfast,174
2026-12-17 12:16:16,4,breakfast,97
2024-05-29 14:28:05,4,Dinner,189
2025-02-12 20:30:08,5,Lunch,139
2025-11-20 01:38:52,3,Lunch,1
2025-11-22 13:26:13,5,Lunch,101
2025-04-13 00:31:08,9,Lunch,175
2025-10-27 05:23:09,1,breakfast,5
2027-02-16 06:44:00,2,Dinner,51
2025-05-01 02:50:18,5,breakfast,99
2025-03-28 08:01:55,5,breakfast,119
2025-09-13 02:35:44,5,Lunch,195
2025-10-26 22:18:41,8,Lunch,138
2025-02-12 02:32:06,9,Lunch,134
2024-06-25 10:12:23,8,breakfast,57
2026-12-20 20:08:27,7,Dinner,147
2024-04-21 23:52:17,2,Lunch,156
2027-08-14 11:25:07,1,breakfast,116
2027-09-20 01:49:58,10,breakfast,90
2024-10-26 07:03:11,7,Dinner,91
2024-10-17 19:33:55,5,breakfast,140
2024-05-31 07:14:22,2,breakfast,174
2026-08-19 15:06:13,9,Dinner,7
2025-08-05 05:47:19,2,Dinner,168
2027-07-27 13:57:14,10,breakfast,7
2024-07-07 23:02:29,9,Lunch,67
2026-04-01 04:11:27,9,breakfast,15
2024-11-24 14:20:21,4,breakfast,157
2027-01-10 22:10:56,9,Lunch,125
2026-10-20 17:57:50,6,Lunch,161
2027-02-08 23:55:00,9,Lunch,170
2027-08-20 13:27:32,2,breakfast,96
2026-01-24 05:49:33,1,Dinner,167
2024-05-04 05:21:40,2,Lunch,85
2025-11-19 09:51:06,4,breakfast,159
2025-08-24 09:40:32,3,Dinner,143
2027-01-25 20:24:47,8,breakfast,33
2025-02-22 13:16:07,1,breakfast,48
2026-02-18 08:54:23,5,Dinner,2
2027-04-27 14:56:56,3,Lunch,132
2024-07-23 08:27:30,7,Dinner,152
2027-09-21 21:50:45,5,Dinner,79
2027-06-29 08:18:48,3,Lunch,101
2024-05-26 12:42:13,3,breakfast,91
2026-06-28 13:07:33,6,Lunch,34
2024-12-25 09:46:11,7,breakfast,152
2026-11-22 13:03:27,8,breakfast,185
2026-09-15 15:14:01,10,Dinner,68
2027-08-05 14:38:34,7,Lunch,171
2025-03-24 19:13:37,7,breakfast,131
2024-07-23 14:59:38,8,Lunch,172
2026-11-19 09:50:42,7,Lunch,160
2026-05-24 05:49:02,4,Lunch,103
2027-08-22 05:10:38,7,Dinner,146
2027-02-01 15:19:48,1,Dinner,155
2026-03-02 13:10:02,7,Dinner,34
2025-04-16 07:11:33,4,breakfast,17
2026-11-26 01:03:51,10,breakfast,9
2024-12-06 00:03:36,9,Lunch,194
2027-01-13 08:21:02,4,Lunch,13
2025-08-21 00:18:15,3,Lunch,124
2025-01-14 08:47:58,6,Lunch,66
2024-04-30 05:13:29,9,breakfast,66
2025-01-30 22:28:16,7,Lunch,197
2027-07-23 03:08:08,1,Lunch,49
2024-04-22 05:08:13,1,Dinner,6
2024-04-16 05:39:35,9,breakfast,10
2027-06-22 01:03:55,10,Lunch,122
2025-09-08 07:49:33,8,breakfast,163
2024-06-27 18:58:46,3,breakfast,43
2027-05-26 06:12:21,5,breakfast,18
2025-04-13 05:43:05,2,Lunch,163
2025-12-03 16:31:21,6,Lunch,108
2025-04-09 18:38:22,10,breakfast,111
2027-08-14 14:49:46,3,breakfast,194
2025-12-16 14:39:37,3,Dinner,156
2026-02-16 10:59:50,3,Lunch,139
2027-07-07 17:30:17,3,Dinner,70
2024-08-23 23:14:16,9,breakfast,178
2025-05-19 05:34:35,3,Lunch,175
2026-11-29 03:33:51,4,breakfast,57
2025-12-27 02:26:30,3,Lunch,81
2026-12-23 09:46:23,5,Lunch,168
2025-01-06 12:12:51,6,Dinner,6
2024-06-23 11:54:22,8,Dinner,12
2025-05-14 11:28:41,10,Dinner,48
2027-01-12 15:56:58,8,Lunch,97
2025-05-11 12:21:56,1,breakfast,103
2024-09-03 10:20:17,3,Lunch,62
2026-06-14 22:14:46,9,Dinner,145
2025-12-08 19:43:21,5,Lunch,163
2026-12-15 00:23:14,4,Lunch,107
2026-01-12 06:21:29,2,Lunch,25
2026-08-30 22:18:40,6,Lunch,51
2026-07-10 20:36:52,4,breakfast,14
2025-04-21 20:17:36,10,Dinner,89
2025-11-30 06:20:01,7,Dinner,20
2026-05-12 02:40:11,6,Dinner,119
2026-01-17 07:51:29,9,Lunch,157
2026-05-29 02:03:43,3,breakfast,136
2024-05-16 23:00:41,1,breakfast,83
2025-02-02 08:34:44,10,Dinner,1
2024-06-04 20:20:09,9,breakfast,169
2026-07-15 11:05:16,1,breakfast,188
2025-07-29 23:46:33,9,breakfast,40
2027-05-05 04:30:45,8,breakfast,95
2027-03-23 18:44:58,6,breakfast,60
2026-04-06 09:54:40,9,Dinner,16
2026-06-19 08:39:55,5,Lunch,198
2025-06-05 16:47:35,3,breakfast,134
2024-06-19 02:00:42,3,Dinner,28
2025-02-18 14:15:39,1,breakfast,143
2026-11-04 17:10:14,6,Lunch,179
2025-05-04 12:43:49,3,Lunch,188
2027-08-09 09:38:19,4,Lunch,181
2024-08-14 20:28:45,9,Lunch,192
2024-05-13 21:45:01,1,Lunch,33
2026-09-26 01:07:15,7,Dinner,155
2026-11-22 21:09:17,3,Dinner,59
2026-06-15 07:55:04,1,breakfast,87
2025-06-26 23:13:12,5,Dinner,97
2027-02-03 23:41:50,5,Dinner,80
2026-04-05 21:47:40,7,breakfast,5
2024-04-23 13:00:36,5,Dinner,65
2025-07-03 10:43:52,8,Dinner,145
2027-08-16 17:11:41,8,breakfast,85
2024-11-01 02:35:49,1,Lunch,147
2024-10-01 16:47:59,9,Dinner,82
2025-09-03 20:32:46,4,breakfast,19
2027-10-28 21:15:38,10,Lunch,51
2027-05-25 15:03:25,9,Lunch,25
2025-05-02 21:58:52,2,Dinner,53
2027-01-25 06:55:41,4,Lunch,149
2026-10-27 22:00:00,6,Lunch,99
2025-04-18 10:41:51,8,Dinner,118
2027-05-05 11:15:17,8,breakfast,103
2024-06-30 09:25:40,3,breakfast,188
2024-10-19 23:53:21,8,Lunch,163
2027-06-29 05:09:01,2,Lunch,156
2025-06-11 06:33:03,8,Dinner,98
2027-03-28 15:51:37,3,Lunch,121
2024-10-28 07:21:45,9,Dinner,136
2025-12-25 15:17:43,2,Dinner,161
2026-05-06 02:23:32,4,breakfast,148
2027-03-04 08:04:58,6,Dinner,35
2026-04-13 21:21:19,5,Lunch,182
2026-08-24 00:07:11,9,Dinner,194
2024-12-06 23:30:13,4,Lunch,126
2026-01-03 03:11:40,10,Dinner,181
2027-01-25 21:11:59,8,breakfast,54
2027-10-02 06:59:35,2,breakfast,39
2024-06-28 02:36:17,2,Lunch,184
2025-07-16 04:06:37,6,Dinner,121
2025-12-12 12:23:27,4,Dinner,141
2024-05-30 07:31:47,9,Dinner,37
2025-11-17 01:36:18,2,Lunch,37
2026-06-19 07:34:50,8,Lunch,48
2025-01-13 14:09:47,5,Lunch,186
2025-02-15 18:19:35,6,Lunch,162
2025-02-19 01:02:50,5,breakfast,144
2027-07-06 11:45:28,4,breakfast,147
2024-10-23 16:28:57,9,breakfast,164
2024-06-05 03:34:35,2,breakfast,155
2025-10-29 17:34:46,10,Lunch,152
2024-12-22 00:19:07,4,Lunch,96
2025-03-22 02:19:46,5,Dinner,197
2026-02-13 22:22:49,6,Dinner,159
2025-03-17 23:40:39,3,breakfast,48
2026-07-19 20:01:08,3,breakfast,36
2026-03-08 12:13:27,7,Lunch,28
2027-07-03 07:44:17,8,breakfast,140
2027-03-28 05:53:09,7,breakfast,195
2026-05-12 13:28:43,1,breakfast,107
2026-04-17 12:17:31,3,Lunch,127
2026-10-05 16:50:52,1,Dinner,84
2026-12-23 17:00:56,1,breakfast,82
2025-11-30 10:39:12,1,Lunch,175
2025-09-09 18:07:02,6,Lunch,169
2024-05-10 17:58:46,4,Lunch,190
2024-09-13 16:55:05,6,Lunch,101
2026-01-30 17:09:14,5,breakfast,55
2025-12-16 05:33:43,9,Lunch,71
2027-05-22 17:55:22,5,breakfast,173
2025-03-20 20:46:23,10,Lunch,128
2025-09-02 10:20:53,10,breakfast,176
2026-11-12 09:10:18,6,breakfast,176
2026-03-03 18:43:51,10,breakfast,59
2024-09-24 18:50:16,1,breakfast,175
2025-04-09 10:35:33,8,Lunch,192
2026-09-04 21:33:10,8,breakfast,129
2026-09-24 17:28:42,6,Dinner,163
2024-04-18 02:44:50,3,Dinner,93
2027-02-24 05:57:20,10,Dinner,169
2025-03-21 00:54:20,9,Dinner,9
2026-10-17 05:18:44,1,Lunch,196
2026-10-14 06:44:22,4,breakfast,99
2025-06-16 19:15:11,10,Lunch,162
2027-04-22 14:55:51,5,breakfast,177
2027-01-12 08:46:37,4,Lunch,89
2025-10-04 09:22:55,7,Dinner,194
2027-02-04 12:03:54,3,Dinner,143
2026-04-18 03:10:58,6,Dinner,84
2027-08-14 21:15:35,1,Dinner,76
2026-02-22 18:00:27,3,Dinner,70
2024-09-19 03:07:11,3,Dinner,82
2024-05-11 22:21:56,10,Dinner,130
2025-09-07 21:41:18,7,Lunch,55
2026-09-26 11:10:20,6,breakfast,79
2027-02-15 07:17:17,7,Lunch,33
2026-07-08 23:59:36,1,Lunch,137
2027-03-03 06:33:40,2,Dinner,81
2025-08-25 13:05:22,1,breakfast,88
2027-08-05 01:37:58,10,breakfast,61
2026-06-10 05:26:14,3,breakfast,69
2025-09-26 04:28:13,7,Lunch,68
2024-06-05 22:00:42,5,breakfast,192
2027-03-30 00:09:38,8,Lunch,12
2026-09-01 11:20:38,6,Lunch,5
2025-12-06 22:10:17,9,Dinner,120
2025-02-06 07:01:12,5,breakfast,72
2027-09-30 14:40:47,7,Lunch,135
2025-05-25 10:50:48,4,breakfast,83
2025-12-12 05:36:33,8,Lunch,33
2027-03-23 18:27:29,7,Dinner,162
2024-08-12 08:11:55,5,Lunch,193
2027-08-26 23:10:58,4,Lunch,73
2025-02-12 16:24:08,6,Dinner,3
2025-09-02 09:42:39,1,breakfast,152
2024-05-18 18:14:56,2,Lunch,188
2027-01-02 03:21:31,8,Lunch,130
2026-02-27 06:30:16,9,Dinner,157
2026-12-02 10:05:01,8,breakfast,31
2026-06-09 05:11:54,8,Lunch,170
2027-05-01 08:45:58,3,Dinner,146
2026-02-22 22:35:05,5,breakfast,199
2024-12-23 13:51:14,10,Lunch,137
2025-04-01 21:29:31,6,Lunch,138
2027-05-10 01:56:22,1,breakfast,41
2024-11-10 04:55:33,7,Dinner,36
2024-07-17 01:29:04,2,breakfast,154
2024-04-07 20:07:41,7,Lunch,163
2025-01-27 23:32:06,3,Dinner,167
2024-07-18 19:21:22,10,Lunch,55
2025-01-06 14:18:07,3,breakfast,24
2025-10-03 20:10:59,5,Lunch,52
2027-09-08 12:51:06,5,breakfast,75
2027-06-02 05:51:35,6,Dinner,83
2027-02-01 05:50:33,1,Lunch,9
2024-06-10 09:59:38,10,breakfast,133
2025-06-19 13:20:33,5,Lunch,163
2026-05-02 17:50:43,2,Dinner,162
2027-06-28 18:17:23,7,breakfast,27
2026-06-12 22:14:31,4,Lunch,110
2026-12-14 23:55:08,1,breakfast,94
2025-02-18 05:57:15,10,breakfast,81
2026-10-23 22:39:26,1,Lunch,157
2026-10-08 12:15:26,5,Lunch,45
2024-09-07 01:19:54,9,Dinner,100
2027-03-24 11:25:29,1,breakfast,158
2026-10-12 23:55:47,10,Lunch,87
2025-05-08 16:09:13,1,Lunch,38
2025-04-09 05:02:36,6,Lunch,44
2025-08-20 15:04:14,6,Lunch,34
2027-01-08 02:09:56,10,Lunch,57
2026-10-03 21:07:47,9,Dinner,197
2025-01-03 12:58:07,5,Dinner,54
2026-01-05 02:00:13,3,breakfast,60
2025-12-26 02:56:15,7,Lunch,126
2024-09-28 09:05:01,3,Dinner,77
2027-03-14 08:02:54,10,Lunch,106
2025-03-02 06:25:52,2,Lunch,24
2025-09-13 17:29:11,2,Lunch,136
2027-03-01 06:27:46,9,Dinner,19
2024-04-25 20:07:29,6,Lunch,43
2025-05-04 20:58:50,10,Dinner,53
2026-01-23 16:17:00,7,Dinner,88
2027-02-11 02:11:38,6,breakfast,158
2027-07-13 16:18:14,7,Lunch,72
2027-04-08 00:54:30,1,Lunch,38
2027-10-27 12:34:10,5,Dinner,164
2026-07-02 00:54:00,7,Lunch,33
2025-08-20 02:26:21,10,Lunch,24
2024-04-21 07:38:04,3,Dinner,116
2027-09-21 14:16:19,9,breakfast,197
2024-06-29 08:26:57,7,Lunch,125
2025-05-17 16:34:23,1,Lunch,24
2025-10-06 21:28:25,5,Dinner,139
2027-03-13 10:18:22,6,breakfast,103
2026-09-12 20:12:34,8,Dinner,182
2027-02-05 15:24:07,5,Lunch,85
2024-10-13 11:56:43,9,Lunch,79
2024-08-16 10:07:51,1,breakfast,133
2026-05-26 06:29:59,1,Dinner,95
2026-08-15 07:13:34,10,Lunch,138
2025-03-21 15:47:45,8,Dinner,122
2025-11-26 10:25:07,3,Lunch,128
2026-03-28 20:50:26,7,Dinner,156
2024-05-16 21:16:31,3,Dinner,130
2026-04-21 00:14:05,6,breakfast,6
2026-08-28 18:42:13,1,Dinner,155
2026-02-22 00:06:05,9,Lunch,127
2027-10-07 00:39:51,6,Dinner,130
2026-06-03 19:53:28,9,Dinner,17
2026-06-01 11:24:54,5,breakfast,141
2025-08-24 05:49:51,5,Lunch,175
2025-11-16 07:00:48,5,breakfast,14
2025-05-10 13:52:55,8,breakfast,191
2026-05-20 00:02:55,8,breakfast,159
2024-06-06 22:22:16,6,Lunch,143
2025-08-24 12:58:42,6,Dinner,69
2026-10-30 04:04:34,1,Lunch,77
2027-04-14 12:05:18,7,Dinner,4
2027-02-14 19:51:35,9,Dinner,172
2025-09-25 07:47:38,5,Dinner,167
2026-11-22 15:55:34,2,Dinner,48
2027-01-26 06:54:09,1,Lunch,76
2025-04-09 08:19:49,2,breakfast,109
2027-01-30 01:06:43,3,Lunch,31
2024-09-19 05:45:57,9,breakfast,8
2026-11-17 04:40:33,8,Lunch,44
2026-08-22 14:44:07,4,breakfast,23
2027-08-18 17:34:52,10,breakfast,139
2025-12-08 15:01:57,8,breakfast,68
2027-04-24 00:03:04,4,Lunch,65
2026-04-10 13:02:59,5,breakfast,168
2026-08-03 00:39:06,8,Lunch,81
2024-09-05 21:29:53,6,Dinner,100
2026-06-28 00:43:53,8,Dinner,194
2027-01-19 11:32:06,1,Lunch,179
2027-01-20 19:51:03,1,Dinner,82
2025-08-20 07:26:27,7,Lunch,200
2024-09-30 06:44:56,2,breakfast,77
2026-09-01 08:02:15,1,breakfast,29
2025-06-25 20:00:27,4,breakfast,145
2024-07-11 03:20:12,8,Lunch,26
2025-05-04 17:54:06,1,Dinner,53
2026-05-26 12:51:59,3,Lunch,61
2027-03-20 20:21:33,8,Lunch,189
2025-09-02 01:06:56,9,breakfast,99
2026-12-26 23:22:55,3,Lunch,44
2024-12-01 09:20:57,5,breakfast,166
2025-01-04 07:36:04,3,Dinner,19
2026-02-27 13:17:40,5,breakfast,95
2027-02-24 22:12:56,9,breakfast,140
2025-09-07 08:54:24,3,Dinner,43
2025-11-04 07:56:03,5,Dinner,106
2027-08-25 22:13:06,5,Lunch,150
2026-06-08 20:58:35,3,Lunch,12
2027-05-25 06:37:52,4,breakfast,48
2027-09-12 23:11:53,4,Dinner,164
2027-01-10 03:40:29,10,Lunch,180
2027-01-04 19:33:41,3,Lunch,51
2024-06-30 08:31:38,1,Lunch,34
2027-08-22 14:19:03,3,Dinner,59
2024-05-28 23:13:22,7,breakfast,12
2025-02-01 03:40:50,9,Dinner,78
2024-09-28 06:58:28,3,Lunch,55
2024-07-22 00:16:14,5,breakfast,15
2024-04-23 23:27:58,8,Lunch,178
2026-02-03 06:17:26,1,breakfast,157
2026-11-29 17:05:37,10,Lunch,65
2025-04-05 02:25:07,2,breakfast,102
2024-08-25 17:38:36,3,Lunch,149
2026-02-15 07:29:22,9,Dinner,43
2026-07-09 00:41:38,9,Dinner,56
2027-01-16 18:15:22,9,breakfast,15
2024-12-18 01:14:17,1,Lunch,199
2024-10-07 22:07:57,4,breakfast,42
2027-04-22 21:47:25,8,breakfast,50
2026-06-27 21:04:59,1,Lunch,39
2025-06-20 20:48:11,7,Dinner,21
2025-06-04 08:00:50,3,Lunch,155
2026-11-14 05:55:22,4,Lunch,40
2026-05-05 01:44:54,7,breakfast,181
2025-12-04 15:18:38,10,breakfast,125
2024-08-26 23:25:17,7,breakfast,138
2027-04-06 12:11:46,6,Lunch,37
2026-02-14 09:13:48,8,breakfast,98
2024-12-12 23:46:59,6,Dinner,110
2025-10-18 08:15:49,9,breakfast,144
2024-06-12 09:27:18,7,Dinner,70
2027-08-11 15:31:52,1,Dinner,49
2025-10-03 14:00:32,2,Lunch,36
2025-04-21 17:08:09,1,Lunch,74
2026-05-12 13:49:50,10,breakfast,45
2027-07-17 03:32:52,9,Dinner,46
2025-05-22 05:23:30,4,Lunch,68
2024-07-05 08:43:01,3,breakfast,78
2025-06-03 07:40:01,4,Lunch,80
2025-04-09 05:01:30,6,Dinner,174
2024-05-11 04:15:23,4,breakfast,62
2027-10-27 23:37:58,3,breakfast,2
2024-05-05 16:31:49,7,breakfast,190
2025-05-20 11:14:45,10,Lunch,24
2024-07-06 17:48:31,8,Lunch,102
2025-10-27 08:09:30,3,Dinner,196
2025-11-30 18:44:25,9,Lunch,47
2025-09-16 18:46:45,10,Lunch,65
2025-07-05 01:28:56,3,Lunch,15
2027-09-26 23:35:04,2,Lunch,199
2025-10-04 08:23:30,1,breakfast,179
2026-11-29 20:58:43,2,Lunch,91
2025-06-04 23:51:02,8,Dinner,66
2025-05-09 09:23:42,6,Dinner,121
2027-09-15 20:31:53,2,Dinner,114
2027-05-02 11:13:31,2,breakfast,184
2027-09-17 18:13:57,9,breakfast,31
2026-09-23 07:32:37,9,breakfast,65
2024-06-30 23:52:02,3,breakfast,21
2025-12-10 23:34:46,9,Lunch,14
2024-11-22 05:32:22,8,Lunch,114
2026-10-18 11:12:36,8,Dinner,181
2025-04-05 10:01:06,10,Lunch,26
2026-08-27 16:18:49,5,Lunch,81
2026-03-28 01:42:53,2,breakfast,179
2024-12-14 18:48:53,7,Dinner,69
2027-04-21 08:44:21,8,Dinner,77
2024-09-30 01:38:20,8,breakfast,98
2024-09-16 19:02:24,3,Lunch,28
2027-08-21 14:45:55,7,Dinner,92
2025-06-05 13:42:51,9,Lunch,132
2027-05-02 05:23:05,10,breakfast,123
2026-08-19 21:20:07,6,Dinner,33
2025-08-25 10:13:48,2,breakfast,34
2024-10-10 00:53:29,10,Lunch,46
2024-11-05 07:51:51,10,Lunch,109
2024-05-02 00:45:48,6,Lunch,143
2027-10-02 01:43:05,6,Dinner,190
2024-06-29 23:43:05,10,breakfast,34
2024-06-19 01:08:08,2,Lunch,155
2024-12-29 12:43:29,8,Lunch,139
2025-12-09 19:26:18,8,breakfast,59
2026-01-06 02:35:31,7,Lunch,41
2027-06-02 05:57:33,7,Dinner,103
2025-08-15 10:54:46,2,breakfast,119
2026-07-06 17:28:52,10,breakfast,21
2027-03-15 02:00:33,10,breakfast,96
2025-07-15 12:49:17,5,Lunch,167
2024-07-20 08:37:54,1,Lunch,100
2026-02-02 13:24:00,8,breakfast,11
2024-08-26 12:22:21,4,breakfast,174
2026-01-27 05:38:34,3,breakfast,171
2026-11-17 14:35:10,7,breakfast,43
2025-05-28 03:31:44,4,breakfast,78
2026-03-15 23:18:34,10,Lunch,134
2025-02-26 21:41:33,3,breakfast,50
2027-08-14 23:24:41,4,Dinner,68
2026-05-29 14:13:01,9,Dinner,117
2026-01-04 06:19:38,7,Dinner,88
2027-09-19 18:04:24,4,Dinner,18
2025-02-05 17:44:20,9,breakfast,162
2026-08-06 08:43:14,10,breakfast,56
2027-09-21 18:22:01,1,Lunch,73
2026-01-04 05:58:14,10,Lunch,53
2024-04-30 12:14:21,7,Lunch,113
2026-02-08 21:48:27,6,Dinner,46
2027-02-10 23:55:05,8,Lunch,43
2025-05-15 03:43:37,8,breakfast,10
2026-08-02 16:56:45,4,Dinner,65
2027-01-30 22:17:11,1,Lunch,20
2024-05-28 21:45:55,5,breakfast,164
2025-03-22 14:24:32,4,Lunch,13
2026-11-19 05:18:00,6,Dinner,85
2025-06-09 17:59:14,10,breakfast,198
2025-01-16 20:16:58,2,Dinner,67
2025-02-08 00:15:45,7,breakfast,126
2027-04-10 06:52:33,5,Lunch,193
2024-04-19 21:46:46,3,Dinner,65
2027-09-23 21:45:38,9,Dinner,75
2026-07-25 03:48:49,7,Lunch,153
2025-03-17 03:56:17,5,Lunch,152
2025-10-10 06:53:38,9,Dinner,16
2025-11-23 07:38:12,6,breakfast,18
2025-05-09 12:19:51,5,Dinner,183
2027-08-25 11:18:52,6,breakfast,123
2027-07-18 01:43:22,10,Lunch,33
2025-02-05 08:38:51,3,Dinner,112
2025-06-23 09:42:18,3,Dinner,23
2026-03-08 10:24:45,10,breakfast,37
2025-06-11 12:58:25,5,breakfast,128
2027-06-29 00:41:55,6,Lunch,129
2026-02-13 20:13:59,3,Dinner,189
2024-10-14 17:48:23,8,Lunch,168
2027-05-02 10:39:13,10,Lunch,23
2026-01-24 17:04:39,8,breakfast,77
2026-01-25 16:29:00,8,Lunch,138
2026-12-11 20:45:24,10,Dinner,1
2026-01-17 09:50:35,4,Lunch,19
2024-11-11 13:18:06,2,breakfast,65
2026-10-06 12:55:49,10,Dinner,69
2027-06-12 03:02:59,2,Dinner,11
2025-10-04 19:22:57,7,Lunch,68
2027-06-20 07:53:18,10,Lunch,84
2027-05-31 16:46:10,6,Lunch,120
2024-07-11 20:18:23,2,Dinner,133
2026-09-04 23:44:44,7,breakfast,14
2025-08-10 02:10:19,5,Lunch,5
2024-08-07 02:25:35,6,Dinner,186
2025-02-24 13:27:12,7,breakfast,170
2024-04-15 02:54:43,1,Lunch,183
2025-05-07 03:37:43,5,breakfast,151
2025-05-12 14:15:07,10,Lunch,18
2025-05-20 20:52:32,7,Dinner,179
2024-05-22 10:53:23,2,breakfast,197
2026-07-15 15:49:53,8,Lunch,52
2025-09-08 22:57:34,10,Lunch,20
2025-12-14 15:01:36,1,Lunch,61
2027-07-09 07:54:04,7,Dinner,145
2024-06-10 13:18:02,7,Lunch,173
2025-06-27 05:30:15,7,Dinner,118
2027-05-14 09:15:40,1,Lunch,130
2026-05-08 10:35:44,8,Lunch,115
2025-11-03 10:43:15,5,breakfast,28
2027-07-30 18:24:49,9,breakfast,183
2027-05-21 02:21:49,3,Lunch,55
2025-09-20 03:30:29,7,breakfast,46
2027-06-10 04:13:35,6,Dinner,166
2027-06-26 18:31:05,8,Lunch,31
2027-06-07 05:40:02,1,Lunch,106
2025-05-23 09:30:56,1,Dinner,65
2025-06-04 09:21:54,5,breakfast,169
2027-07-31 11:06:08,8,Dinner,68
2024-12-12 18:40:27,10,breakfast,197
2024-10-15 12:52:09,4,breakfast,112
2026-05-29 13:18:36,5,Dinner,156
2026-07-20 19:18:34,4,breakfast,167
2025-04-07 04:10:35,3,breakfast,5
2026-04-21 04:14:50,9,Lunch,166
2027-10-29 23:41:26,3,breakfast,4
2027-04-13 22:28:31,8,breakfast,38
2027-06-26 11:49:35,9,breakfast,159
2025-09-08 21:15:09,7,Lunch,123
2026-06-16 13:35:43,5,Dinner,57
2024-11-30 22:18:36,9,Dinner,5
2026-04-26 03:44:50,2,Dinner,153
2027-09-14 03:04:33,3,Dinner,12
2025-05-11 12:08:43,9,breakfast,69
2027-07-13 05:13:09,8,breakfast,64
2025-10-09 12:16:08,6,Dinner,45
2026-08-18 13:04:58,10,Lunch,25
2025-09-10 23:35:33,9,breakfast,31
2025-09-30 00:08:32,8,breakfast,75
2027-06-06 14:36:02,10,breakfast,70
2025-03-21 16:11:15,8,breakfast,28
2026-05-20 19:12:40,5,breakfast,172
2024-04-25 18:40:08,7,breakfast,57
2027-09-16 08:47:48,10,Lunch,167
2024-09-06 15:25:37,4,breakfast,162
2027-07-16 22:43:02,4,Dinner,25
2026-10-03 14:14:19,7,Dinner,93
2024-07-16 17:27:05,10,Lunch,28
2026-11-19 09:55:47,2,Dinner,126
2026-04-02 06:12:40,8,Lunch,195
2026-01-16 04:50:32,10,Lunch,184
2027-01-23 03:55:33,5,breakfast,104
2024-08-24 23:16:22,3,breakfast,50
2024-12-05 11:41:25,4,Dinner,149
2024-05-14 20:56:18,1,breakfast,4
2025-05-10 16:40:17,1,breakfast,135
2026-02-12 06:34:07,2,Dinner,5
2027-07-07 10:22:49,4,breakfast,121
2027-02-07 08:44:51,3,Lunch,69
2025-02-16 20:36:33,1,Dinner,128
2027-10-17 18:34:57,10,Lunch,172
2025-12-01 19:40:25,3,Lunch,58
2027-08-10 00:52:00,8,Dinner,35
2024-06-13 09:55:58,6,Lunch,107
2027-04-17 16:07:48,10,Lunch,35
2024-07-06 23:02:16,3,Dinner,103
2027-06-07 23:22:30,5,Dinner,31
2026-05-20 21:37:07,4,Lunch,184
2027-02-10 00:58:32,8,Lunch,23
2025-01-15 08:03:47,7,breakfast,44
2026-07-06 04:51:43,10,Lunch,62
2024-07-13 11:41:01,2,breakfast,1
2025-01-18 10:22:01,4,breakfast,162
2026-06-07 06:25:04,2,Lunch,73
2024-08-29 16:37:50,1,breakfast,23
2026-09-21 13:43:53,6,breakfast,4
2025-08-30 15:10:28,4,breakfast,197
2027-01-27 17:37:18,5,Dinner,156
2027-10-01 02:17:17,6,Lunch,132
2027-08-10 01:22:39,3,Dinner,195
2024-08-18 01:09:39,2,breakfast,167
2025-12-26 10:46:39,4,Lunch,152
2026-01-05 06:46:57,8,Lunch,124
2027-06-09 06:57:39,9,Lunch,184
2026-10-22 14:32:05,4,Lunch,113
2027-01-24 07:47:22,6,Lunch,169
2026-12-17 10:32:43,1,Dinner,176
2027-03-12 00:24:47,1,breakfast,198
2024-08-27 14:20:12,6,Lunch,118
2025-07-13 15:34:26,5,Lunch,97
2027-03-15 13:30:54,7,breakfast,105
2026-08-24 05:18:43,2,Dinner,94
2026-01-07 06:20:24,4,breakfast,144
2025-06-25 08:23:28,4,Dinner,177
2025-08-10 14:33:45,4,Lunch,67
2025-10-31 04:53:43,10,Lunch,173
2027-03-21 17:52:30,2,Lunch,39
2024-07-31 14:26:53,3,breakfast,163
2025-09-12 17:07:30,1,Dinner,22
2025-09-10 23:37:53,10,breakfast,164
2025-04-27 20:02:23,1,breakfast,191
2025-08-27 19:21:55,8,Dinner,43
2024-07-05 23:43:14,3,Dinner,134
2027-08-04 09:46:52,7,Dinner,195
2025-11-23 16:42:12,2,Dinner,115
2027-04-10 03:26:57,1,Lunch,125
2027-02-26 00:12:53,1,Dinner,39
2026-03-23 02:19:34,3,Dinner,15
2025-11-03 01:27:24,8,breakfast,92
2026-11-30 21:18:45,7,Lunch,114
2027-09-08 20:59:29,1,Lunch,163
2026-12-19 09:43:27,10,Dinner,197
2027-07-23 22:50:07,9,Lunch,193
2025-03-03 06:22:54,10,breakfast,38
2027-08-18 15:42:35,8,breakfast,18
2026-11-14 07:59:59,9,Dinner,165
2027-03-24 05:22:02,2,breakfast,18
2025-05-10 03:39:24,4,Lunch,124
2027-10-12 17:27:29,2,breakfast,50
2027-07-17 16:15:28,3,Dinner,44
2024-05-15 23:48:48,4,breakfast,157
2024-05-12 15:20:33,6,Lunch,110
2026-11-11 02:29:21,9,Lunch,158
2024-12-14 15:41:49,1,Lunch,170
2025-12-16 19:45:25,7,Lunch,53
2026-01-28 10:46:15,8,Lunch,200
2024-12-27 11:34:24,7,breakfast,90
2026-06-10 11:29:28,10,breakfast,18
2026-01-22 03:49:48,8,Dinner,153
2026-03-04 11:08:48,9,Dinner,156
2024-09-20 09:04:44,5,Lunch,165
2026-09-20 09:49:47,8,Dinner,5
2025-04-08 23:17:23,4,Lunch,72
2027-09-07 15:56:40,10,Lunch,157
2025-03-09 10:17:23,9,breakfast,69
2026-08-24 11:47:15,7,breakfast,112
2027-06-24 22:07:15,5,Lunch,107
2027-07-04 13:05:42,1,Dinner,73
2026-03-29 18:58:13,10,breakfast,170
2025-05-24 07:38:58,6,Lunch,48
2026-12-29 23:27:57,2,Dinner,195
2024-09-03 23:16:13,2,Dinner,6
2024-09-09 20:59:42,3,Lunch,63
2026-05-26 20:05:58,6,breakfast,78
2024-07-17 20:19:01,8,breakfast,148
2026-09-11 05:12:02,10,breakfast,53
2024-10-23 22:30:58,4,breakfast,94
2026-09-18 22:13:38,10,Dinner,19
2026-01-15 20:21:21,9,Lunch,179
2024-09-06 11:11:40,9,breakfast,22
2027-01-31 03:24:34,2,Lunch,134
2025-12-03 14:45:51,10,Lunch,52
2027-07-16 15:37:08,9,Dinner,50
2027-05-19 17:10:51,7,Lunch,52
2025-08-12 17:19:23,2,Lunch,173
2026-04-27 20:42:11,5,Lunch,184
2027-04-01 10:55:38,1,Dinner,123
2026-08-23 21:43:49,4,Dinner,36
2027-08-06 03:12:40,3,breakfast,100
2026-03-11 18:30:30,8,Lunch,129
2025-07-31 08:32:37,4,Lunch,70
2024-04-07 06:54:30,2,Lunch,112
2026-06-18 01:52:49,2,Lunch,182
2027-04-10 06:21:00,10,Lunch,178
2025-12-10 16:50:19,5,Lunch,85
2025-02-16 01:32:53,4,breakfast,106
2024-07-14 21:55:07,5,breakfast,120
2026-10-05 23:48:56,5,Lunch,44
2027-08-28 08:57:20,5,Dinner,134
2024-12-05 09:00:21,2,breakfast,186
2027-10-25 01:43:23,10,Dinner,72
2027-02-05 19:12:40,5,breakfast,44
